ms	http	result	replay	tenant
56.67	200	accepted	false	a
60.28	200	accepted	false	b
60.99	200	accepted	false	b
101.34	200	accepted	false	a
98.05	200	accepted	false	a
100.40	200	accepted	false	b
49.51	200	accepted	false	b
132.03	200	accepted	false	a
84.91	200	accepted	false	a
142.62	200	accepted	false	a
98.86	200	accepted	false	b
110.37	200	accepted	false	b
91.73	200	accepted	false	a
56.20	200	accepted	false	b
138.46	200	accepted	false	b
194.91	200	accepted	false	b
48.70	200	accepted	false	a
80.43	200	accepted	false	b
159.01	200	accepted	false	a
25.56	200	accepted	false	a
187.74	200	accepted	false	b
121.16	200	accepted	false	b
120.83	200	accepted	false	a
83.82	200	accepted	false	b
143.03	200	accepted	false	b
69.19	200	accepted	false	a
600.58	200	accepted	false	b
62.16	200	accepted	false	a
154.16	200	accepted	false	b
162.07	200	accepted	false	a
55.37	200	duplicate	true	a
57.63	200	accepted	false	b
210.58	200	accepted	false	b
34.87	200	accepted	false	b
195.56	200	accepted	false	a
119.81	200	accepted	false	b
41.98	200	accepted	false	b
169.48	200	accepted	false	a
136.52	200	accepted	false	b
129.55	200	accepted	false	a
93.31	200	accepted	false	a
102.35	200	accepted	false	b
165.81	200	accepted	false	a
15.70	200	duplicate	true	a
74.85	200	accepted	false	b
75.67	200	accepted	false	a
75.74	200	accepted	false	b
52.14	200	accepted	false	b
169.15	200	accepted	false	a
60.35	200	accepted	false	a
63.11	200	accepted	false	b
978.25	200	accepted	false	a
45.92	200	accepted	false	b
100.29	200	accepted	false	a
75.03	200	accepted	false	a
82.02	200	accepted	false	b
50.29	200	accepted	false	b
77.48	200	accepted	false	a
62.71	200	accepted	false	a
58.43	200	accepted	false	b
44.81	200	accepted	false	a
900.77	200	accepted	false	b
88.72	200	accepted	false	b
98.70	200	accepted	false	a
88.42	200	accepted	false	b
114.09	200	accepted	false	a
44.23	200	duplicate	true	a
560.60	200	accepted	false	b
137.77	200	accepted	false	a
92.16	200	accepted	false	b
90.24	200	accepted	false	a
84.03	200	accepted	false	b
42.27	200	accepted	false	b
122.09	200	accepted	false	a
69.98	200	accepted	false	a
149.59	200	accepted	false	b
86.79	200	accepted	false	b
42.45	200	accepted	false	b
27.98	200	accepted	false	b
133.56	200	accepted	false	b
196.67	200	accepted	false	a
176.80	200	accepted	false	a
28.07	200	duplicate	true	a
160.48	200	accepted	false	a
154.26	200	accepted	false	a
60.96	200	accepted	false	b
65.81	200	accepted	false	a
167.71	200	accepted	false	a
58.63	200	accepted	false	a
62.19	200	accepted	false	b
106.78	200	accepted	false	b
81.71	200	accepted	false	a
254.11	200	accepted	false	b
34.80	200	accepted	false	b
81.82	200	accepted	false	a
149.56	200	accepted	false	a
100.26	200	accepted	false	a
49.06	200	accepted	false	a
85.21	200	accepted	false	b
163.62	200	accepted	false	b
32.71	200	duplicate	true	a
85.48	200	accepted	false	a
207.24	200	accepted	false	a
50.27	200	accepted	false	b
583.42	200	accepted	false	b
142.08	200	accepted	false	b
80.21	200	accepted	false	b
42.87	200	accepted	false	b
89.36	200	accepted	false	a
145.93	200	accepted	false	a
66.37	200	accepted	false	b
36.19	200	accepted	false	a
100.80	200	accepted	false	a
51.85	200	accepted	false	a
117.96	200	accepted	false	b
37.98	200	duplicate	true	a
114.68	200	accepted	false	b
35.30	200	accepted	false	a
86.96	200	accepted	false	b
68.43	200	accepted	false	b
186.94	200	accepted	false	b
42.64	200	accepted	false	b
103.65	200	accepted	false	b
152.77	200	accepted	false	a
909.58	200	accepted	false	b
114.67	200	accepted	false	a
29.42	200	accepted	false	b
2374.41	200	accepted	false	b
124.70	200	accepted	false	a
91.39	200	accepted	false	a
85.59	200	accepted	false	a
851.80	200	accepted	false	b
69.88	200	accepted	false	b
14.58	200	duplicate	true	a
108.81	200	accepted	false	a
66.90	200	accepted	false	b
254.11	200	accepted	false	b
35.71	200	accepted	false	b
153.74	200	accepted	false	a
45.56	200	accepted	false	a
125.34	200	accepted	false	b
131.54	200	accepted	false	a
106.74	200	accepted	false	b
50.34	200	accepted	false	b
103.87	200	accepted	false	b
2566.08	200	accepted	false	a
178.74	200	accepted	false	a
43.30	200	accepted	false	b
158.59	200	accepted	false	a
2743.63	200	accepted	false	a
24.91	200	accepted	false	b
2536.35	200	accepted	false	a
27.74	200	duplicate	true	a
124.03	200	accepted	false	a
111.44	200	accepted	false	b
115.10	200	accepted	false	a
274.51	200	accepted	false	b
44.03	200	accepted	false	a
114.42	200	accepted	false	a
64.55	200	accepted	false	a
105.84	200	accepted	false	b
1345.19	200	accepted	false	a
36.69	200	accepted	false	b
231.81	200	accepted	false	b
128.85	200	accepted	false	b
487.69	200	accepted	false	a
49.35	200	accepted	false	a
118.96	200	accepted	false	a
167.38	200	accepted	false	b
42.81	200	duplicate	true	a
87.58	200	accepted	false	a
159.37	200	accepted	false	b
84.97	200	accepted	false	b
36.50	200	accepted	false	b
106.91	200	accepted	false	b
26.17	200	accepted	false	a
164.66	200	accepted	false	a
81.19	200	accepted	false	b
166.86	200	accepted	false	a
61.53	200	accepted	false	a
96.03	200	accepted	false	b
84.92	200	accepted	false	b
73.70	200	accepted	false	a
52.27	200	accepted	false	b
97.17	200	accepted	false	a
153.55	200	accepted	false	b
18.73	200	duplicate	true	a
75.20	200	accepted	false	a
92.97	200	accepted	false	b
91.14	200	accepted	false	b
192.14	200	accepted	false	b
33.97	200	accepted	false	a
140.51	200	accepted	false	a
146.20	200	accepted	false	b
161.95	200	accepted	false	a
117.79	200	accepted	false	a
213.66	200	accepted	false	b
30.21	200	accepted	false	b
110.10	200	accepted	false	a
4330.94	200	accepted	false	a
112.97	200	accepted	false	a
139.03	200	accepted	false	b
63.59	200	accepted	false	a
21.44	200	duplicate	true	a
114.37	200	accepted	false	a
33.22	200	accepted	false	a
99.74	200	accepted	false	b
1119.07	200	accepted	false	a
114.46	200	accepted	false	b
47.22	200	accepted	false	a
115.40	200	accepted	false	b
125.20	200	accepted	false	a
31.42	200	accepted	false	a
121.30	200	accepted	false	b
37.84	200	accepted	false	a
30.04	200	accepted	false	b
24.40	200	accepted	false	a
2578.47	200	accepted	false	b
144.15	200	accepted	false	b
48.67	200	accepted	false	b
137.48	200	accepted	false	b
279.75	200	accepted	false	b
231.34	200	accepted	false	a
48.03	200	accepted	false	a
76.41	200	accepted	false	b
22.72	200	duplicate	true	a
63.78	200	accepted	false	b
2326.47	200	accepted	false	a
48.35	200	accepted	false	b
546.11	200	accepted	false	b
60.18	200	accepted	false	a
63.90	200	accepted	false	b
46.08	200	accepted	false	a
46.02	200	accepted	false	b
2982.17	200	accepted	false	b
762.72	200	accepted	false	b
51.34	200	accepted	false	b
101.73	200	accepted	false	a
2351.48	200	accepted	false	b
53.77	200	accepted	false	a
120.82	200	accepted	false	a
52.14	200	accepted	false	b
214.45	200	accepted	false	a
152.34	200	accepted	false	b
20.33	200	duplicate	true	a
67.20	200	accepted	false	a
116.81	200	accepted	false	b
3961.88	200	accepted	false	a
327.09	200	accepted	false	b
144.57	200	accepted	false	b
115.32	200	accepted	false	b
115.43	200	accepted	false	a
105.38	200	accepted	false	b
63.00	200	accepted	false	a
95.29	200	accepted	false	b
3300.52	200	accepted	false	a
42.47	200	accepted	false	b
155.66	200	accepted	false	b
57.89	200	accepted	false	b
2448.38	200	accepted	false	a
50.27	200	accepted	false	a
143.09	200	accepted	false	a
69.32	200	accepted	false	b
27.39	200	duplicate	true	a
89.58	200	accepted	false	a
43.05	200	accepted	false	b
45.90	200	accepted	false	a
136.52	200	accepted	false	b
58.76	200	accepted	false	b
124.02	200	accepted	false	b
327.58	200	accepted	false	a
5945.24	503	error	false	a
5976.82	503	error	false	a
149.39	200	accepted	false	a
55.02	200	accepted	false	b
22.42	200	accepted	false	a
126.33	200	accepted	false	a
152.22	200	accepted	false	b
55.00	200	accepted	false	b
110.15	200	accepted	false	b
140.43	200	accepted	false	a
78.18	200	accepted	false	a
105.77	200	accepted	false	b
300.48	200	accepted	false	a
36.90	200	duplicate	true	a
113.70	200	accepted	false	a
99.73	200	accepted	false	a
44.51	200	accepted	false	b
151.91	200	accepted	false	b
120.74	200	accepted	false	a
106.98	200	accepted	false	a
6000.64	503	error	false	a
60.38	200	accepted	false	a
2898.34	200	accepted	false	b
105.54	200	accepted	false	b
202.67	200	accepted	false	a
159.81	200	accepted	false	a
153.88	200	accepted	false	a
57.52	200	accepted	false	b
183.28	200	accepted	false	b
62.05	200	accepted	false	b
6074.08	503	error	false	b
199.01	200	accepted	false	a
42.95	200	accepted	false	a
3533.81	200	accepted	false	a
153.97	200	accepted	false	a
62.79	200	accepted	false	a
103.65	200	accepted	false	b
47.21	200	accepted	false	b
3169.30	200	accepted	false	a
60.49	200	accepted	false	b
168.09	200	accepted	false	b
6016.68	503	error	false	b
113.43	200	accepted	false	b
610.71	200	accepted	false	b
196.79	200	accepted	false	a
137.71	200	accepted	false	b
407.98	200	accepted	false	b
92.21	200	accepted	false	b
138.81	200	accepted	false	a
94.59	200	accepted	false	b
78.58	200	duplicate	true	a
498.65	200	duplicate	true	a
214.48	200	accepted	false	a
80.82	200	accepted	false	b
210.79	200	accepted	false	a
106.20	200	accepted	false	a
4428.69	200	accepted	false	b
119.62	200	accepted	false	b
96.13	200	accepted	false	b
249.03	200	accepted	false	b
173.16	200	accepted	false	a
120.24	200	accepted	false	b
5983.68	503	error	false	b
198.77	200	accepted	false	b
6061.50	503	error	false	b
208.87	200	accepted	false	a
227.86	200	accepted	false	a
131.65	200	accepted	false	b
198.45	200	accepted	false	b
138.33	200	accepted	false	b
115.78	200	accepted	false	b
137.34	200	accepted	true	a
164.51	200	accepted	false	a
149.68	200	accepted	false	b
139.71	200	accepted	false	b
278.54	200	accepted	false	a
1250.38	200	accepted	false	b
192.03	200	accepted	false	a
146.67	200	accepted	false	a
131.31	200	accepted	false	b
184.01	200	accepted	false	b
146.11	200	accepted	false	b
136.88	200	accepted	false	a
894.93	200	accepted	false	b
215.80	200	accepted	false	a
109.28	200	accepted	false	b
174.98	200	accepted	false	a
156.65	200	accepted	false	a
108.35	200	accepted	false	b
224.46	200	accepted	false	b
114.64	200	duplicate	true	a
162.72	200	accepted	false	a
204.99	200	accepted	false	b
114.90	200	accepted	false	a
102.11	200	accepted	false	b
92.25	200	accepted	false	a
131.49	200	accepted	false	a
129.11	200	accepted	false	b
102.46	200	accepted	false	b
2520.98	200	accepted	false	a
83.94	200	accepted	false	a
293.45	200	accepted	false	b
6156.84	503	error	false	b
89.96	200	accepted	false	a
167.29	200	accepted	false	b
97.09	200	accepted	false	b
165.25	200	accepted	false	b
97.21	200	accepted	false	b
168.30	200	accepted	false	a
3873.00	200	accepted	false	b
79.93	200	duplicate	true	a
269.35	200	accepted	false	b
150.39	200	accepted	false	a
83.83	200	accepted	false	a
82.44	200	accepted	false	b
128.83	200	accepted	false	b
6126.50	503	error	false	a
179.08	200	accepted	false	b
258.45	200	accepted	false	a
92.57	200	accepted	false	a
44.47	200	accepted	false	b
108.35	200	accepted	false	b
6020.15	503	error	false	b
6017.63	200	accepted	false	a
22.21	200	accepted	false	b
108.80	200	accepted	false	a
2217.47	200	accepted	false	b
93.07	200	accepted	false	a
126.85	200	accepted	false	b
279.39	200	accepted	false	a
74.70	200	accepted	false	b
299.15	200	accepted	false	b
18.66	200	duplicate	true	a
1794.70	200	accepted	false	a
80.42	200	accepted	false	a
124.57	200	accepted	false	b
60.74	200	accepted	false	b
172.91	200	accepted	false	a
135.81	200	accepted	false	b
25.82	200	accepted	false	b
32.24	200	accepted	false	a
3842.38	200	accepted	false	a
124.09	200	accepted	false	b
122.89	200	accepted	false	a
74.70	200	accepted	false	b
62.80	200	accepted	false	a
62.57	200	accepted	false	b
60.02	200	accepted	false	a
3658.40	200	accepted	false	b
79.11	200	accepted	false	b
46.48	200	accepted	false	b
47.87	200	accepted	false	a
97.32	200	accepted	false	a
42.19	200	accepted	false	b
76.49	200	accepted	false	a
536.36	200	accepted	false	a
84.42	200	accepted	false	a
55.61	200	duplicate	true	a
86.44	200	accepted	false	b
29.18	200	accepted	false	b
29.88	200	accepted	false	a
87.34	200	accepted	false	a
251.50	200	accepted	false	b
42.41	200	accepted	false	a
44.19	200	accepted	false	b
108.57	200	accepted	false	b
3740.74	200	accepted	false	a
76.73	200	accepted	false	a
64.97	200	accepted	false	b
45.88	200	accepted	false	b
263.85	200	accepted	false	b
92.13	200	accepted	false	a
48.92	200	accepted	false	b
1837.74	200	accepted	false	a
61.65	200	accepted	false	a
60.92	200	accepted	false	b
142.25	200	accepted	false	a
745.18	200	accepted	false	a
6122.87	503	error	false	b
76.90	200	accepted	false	a
61.49	200	accepted	false	a
21.58	200	duplicate	true	a
94.23	200	accepted	false	b
74.81	200	accepted	false	b
46.45	200	accepted	false	b
47.17	200	accepted	false	a
35.15	200	accepted	false	b
6094.80	200	accepted	false	b
22.54	200	accepted	false	a
2802.69	200	accepted	false	a
1210.35	200	accepted	false	a
91.42	200	accepted	false	b
121.73	200	accepted	false	a
60.69	200	accepted	false	a
6070.82	503	error	false	a
99.31	200	accepted	false	b
45.52	200	accepted	false	a
5323.49	200	accepted	false	b
62.78	200	accepted	false	b
59.40	200	accepted	false	a
49.54	200	accepted	false	b
30.39	200	accepted	false	b
71.34	200	accepted	false	a
2658.37	200	accepted	false	a
104.34	200	accepted	false	a
22.13	200	duplicate	true	a
83.66	200	accepted	false	a
6134.98	503	error	false	b
107.14	200	accepted	false	b
49.19	200	accepted	false	b
4594.77	200	accepted	false	a
134.24	200	accepted	false	b
91.66	200	accepted	false	a
61.87	200	accepted	false	a
6030.22	503	error	false	a
6172.51	503	error	false	b
105.37	200	accepted	false	b
4407.75	200	accepted	false	b
104.92	200	accepted	false	b
118.68	200	accepted	false	a
31.01	200	accepted	false	b
115.09	200	accepted	false	a
89.41	200	accepted	false	a
2789.58	200	accepted	false	a
88.75	200	accepted	false	a
50.26	200	accepted	false	a
90.35	200	accepted	false	b
59.53	200	accepted	false	b
6064.84	200	accepted	false	a
75.53	200	accepted	false	a
269.52	200	accepted	false	b
22.32	200	duplicate	true	a
95.88	200	accepted	false	b
78.84	200	accepted	false	b
110.31	200	accepted	false	a
71.48	200	accepted	false	b
57.30	200	accepted	false	b
5029.84	200	accepted	false	a
62.81	200	accepted	false	b
47.09	200	accepted	false	b
122.99	200	accepted	false	a
6023.00	200	accepted	false	a
4301.56	200	accepted	false	b
91.69	200	accepted	false	a
92.72	200	accepted	false	b
75.66	200	accepted	false	b
46.45	200	accepted	false	b
127.32	200	accepted	false	a
89.88	200	accepted	false	a
4954.76	200	accepted	false	a
261.57	200	accepted	false	a
58.47	200	accepted	false	a
23.77	200	duplicate	true	a
137.12	200	accepted	false	b
140.71	200	accepted	false	a
142.80	200	accepted	false	b
48.02	200	accepted	false	a
90.02	200	accepted	false	b
148.59	200	accepted	false	b
765.86	200	accepted	false	b
80.75	200	accepted	false	a
24.25	200	accepted	false	a
3519.88	200	accepted	false	a
123.14	200	accepted	false	b
92.20	200	accepted	false	b
43.84	200	accepted	false	a
80.78	200	accepted	false	b
152.81	200	accepted	false	a
58.62	200	accepted	false	a
4184.81	200	accepted	false	a
44.30	200	accepted	false	a
79.14	200	accepted	false	b
61.45	200	accepted	false	b
75.58	200	accepted	false	a
76.05	200	accepted	false	b
26.94	200	duplicate	true	a
74.39	200	accepted	false	b
1506.92	200	accepted	false	b
78.25	200	accepted	false	b
78.02	200	accepted	false	a
5421.92	200	accepted	false	b
45.44	200	accepted	false	b
47.21	200	accepted	false	a
105.83	200	accepted	false	b
114.94	200	accepted	false	a
81.27	200	accepted	false	b
75.24	200	accepted	false	a
76.74	200	accepted	false	b
72.37	200	accepted	false	a
63.05	200	accepted	false	b
24.75	200	accepted	false	a
27.14	200	accepted	false	b
5134.18	200	accepted	false	b
153.85	200	accepted	false	a
89.73	200	accepted	false	a
76.93	200	accepted	false	a
39.13	200	duplicate	true	a
111.28	200	accepted	false	b
22.14	200	accepted	false	b
120.46	200	accepted	false	b
82.77	200	accepted	false	a
107.75	200	accepted	false	b
69.91	200	accepted	false	a
63.81	200	accepted	false	b
61.03	200	accepted	false	a
339.28	200	accepted	false	b
61.39	200	accepted	false	b
66.01	200	accepted	false	a
65.49	200	accepted	false	b
62.05	200	accepted	false	a
5162.28	200	accepted	false	a
74.14	200	accepted	false	b
74.19	200	accepted	false	a
778.43	200	accepted	false	a
48.89	200	accepted	false	b
107.64	200	accepted	false	b
59.50	200	accepted	false	b
14.96	200	duplicate	true	a
106.30	200	accepted	false	a
168.50	200	accepted	false	a
98.85	200	accepted	false	a
27.73	200	accepted	false	b
122.32	200	accepted	false	b
109.69	200	accepted	false	b
100.71	200	accepted	false	a
37.67	200	accepted	false	a
25.73	200	accepted	false	a
1335.97	200	accepted	false	b
138.33	200	accepted	false	a
122.56	200	accepted	false	b
45.55	200	accepted	false	a
81.36	200	accepted	false	b
61.58	200	accepted	false	b
47.94	200	accepted	false	a
45.33	200	accepted	false	b
47.70	200	accepted	false	a
200.51	200	accepted	false	b
61.21	200	accepted	false	b
47.70	200	accepted	false	a
44.80	200	accepted	false	b
45.43	200	accepted	false	a
5180.96	200	accepted	false	a
23.16	200	duplicate	true	a
48.60	200	accepted	false	b
29.63	200	accepted	false	b
32.02	200	accepted	false	a
36.36	200	accepted	false	b
37.69	200	accepted	false	a
2101.57	200	accepted	false	a
64.27	200	accepted	false	b
56.73	200	accepted	false	a
50.09	200	accepted	false	b
47.54	200	accepted	false	a
45.32	200	accepted	false	b
44.70	200	accepted	false	a
1976.01	200	accepted	false	a
47.93	200	accepted	false	b
46.48	200	accepted	false	a
42.09	200	accepted	false	b
6011.20	503	error	false	b
42.19	200	accepted	false	a
23.77	200	accepted	false	a
1742.65	200	accepted	false	b
75.71	200	accepted	false	b
50.04	200	accepted	false	b
46.22	200	accepted	false	a
49.30	200	accepted	false	b
35.10	200	duplicate	true	a
28.18	200	accepted	false	b
4725.69	200	accepted	false	a
59.95	200	accepted	false	b
104.13	200	accepted	false	a
81.80	200	accepted	false	a
5511.87	200	accepted	false	b
62.83	200	accepted	false	b
103.56	200	accepted	false	a
46.10	200	accepted	false	a
95.99	200	accepted	false	a
99.88	200	accepted	false	b
43.16	200	accepted	false	a
119.46	200	accepted	false	b
93.53	200	accepted	false	b
61.07	200	accepted	false	b
142.28	200	accepted	false	a
64.97	200	accepted	false	b
49.17	200	accepted	false	a
20.84	200	duplicate	true	a
48.12	200	accepted	false	b
126.80	200	accepted	false	a
356.26	200	accepted	false	b
63.34	200	accepted	false	b
47.53	200	accepted	false	a
50.49	200	accepted	false	b
45.65	200	accepted	false	a
29.17	200	accepted	false	b
19.98	200	accepted	false	b
25.53	200	accepted	false	a
76.93	200	accepted	false	a
44.43	200	accepted	false	b
45.20	200	accepted	false	a
57.04	200	accepted	false	b
72.85	200	accepted	false	a
63.60	200	accepted	false	a
65.73	200	accepted	false	b
42.49	200	accepted	false	a
99.19	200	accepted	false	a
40.32	200	duplicate	true	a
74.97	200	accepted	false	b
61.36	200	accepted	false	b
59.05	200	accepted	false	a
187.03	200	accepted	false	b
76.37	200	accepted	false	a
95.01	200	accepted	false	b
32.21	200	accepted	false	b
170.66	200	accepted	false	b
119.52	200	accepted	false	b
134.41	200	accepted	false	a
131.20	200	accepted	false	a
109.48	200	accepted	false	b
62.43	200	accepted	false	a
107.86	200	accepted	false	b
75.74	200	accepted	false	b
23.64	200	duplicate	true	a
133.38	200	accepted	false	a
100.44	200	accepted	false	b
81.69	200	accepted	false	b
76.10	200	accepted	false	a
79.83	200	accepted	false	b
52.48	200	accepted	false	b
54.06	200	accepted	false	a
113.87	200	accepted	false	a
35.51	200	accepted	false	b
26.93	200	accepted	false	a
87.40	200	accepted	false	a
125.13	200	accepted	false	b
48.91	200	accepted	false	b
47.80	200	accepted	false	a
45.59	200	accepted	false	b
355.18	200	accepted	false	a
63.11	200	accepted	false	a
637.66	200	accepted	false	a
48.17	200	accepted	false	a
46.38	200	accepted	false	b
93.54	200	accepted	false	b
65.10	200	accepted	false	a
55.70	200	accepted	false	b
51.19	200	duplicate	true	a
998.37	200	accepted	false	b
60.52	200	accepted	false	b
51.67	200	accepted	false	a
675.14	200	accepted	false	a
60.69	200	accepted	false	b
64.66	200	accepted	false	a
30.96	200	accepted	false	a
59.89	200	accepted	false	b
44.12	200	accepted	false	b
58.18	200	accepted	false	a
60.34	200	accepted	false	b
76.16	200	accepted	false	a
757.58	200	accepted	false	b
86.79	200	accepted	false	a
87.26	200	accepted	false	b
76.38	200	accepted	false	b
109.55	200	accepted	false	a
35.57	200	duplicate	true	a
27.33	200	accepted	false	b
105.29	200	accepted	false	a
93.18	200	accepted	false	b
60.26	200	accepted	false	a
296.95	200	accepted	false	b
62.47	200	accepted	false	b
59.29	200	accepted	false	a
44.96	200	accepted	false	a
77.49	200	accepted	false	b
250.71	200	accepted	false	b
62.61	200	accepted	false	b
76.45	200	accepted	false	a
88.85	200	accepted	false	b
77.45	200	accepted	false	a
65.05	200	accepted	false	a
61.97	200	accepted	false	b
49.50	200	accepted	false	a
45.50	200	accepted	false	b
44.09	200	accepted	false	a
47.68	200	accepted	false	b
196.58	200	accepted	false	b
40.82	200	duplicate	true	a
69.12	200	accepted	false	b
31.28	200	accepted	false	a
28.46	200	accepted	false	b
81.24	200	accepted	false	b
159.14	200	accepted	false	a
46.89	200	accepted	false	a
45.49	200	accepted	false	b
43.88	200	accepted	false	a
44.79	200	accepted	false	b
33.21	200	accepted	false	a
29.60	200	accepted	false	b
36.79	200	accepted	false	a
33.95	200	accepted	false	b
49.79	200	accepted	false	a
27.42	200	accepted	false	a
66.40	200	accepted	false	b
40.51	200	accepted	false	b
31.42	200	accepted	false	b
63.29	200	accepted	false	a
49.90	200	accepted	false	a
13.60	200	duplicate	true	a
48.99	200	accepted	false	b
47.31	200	accepted	false	b
998.61	200	accepted	false	a
58.74	200	accepted	false	a
60.33	200	accepted	false	b
45.04	200	accepted	false	b
75.11	200	accepted	false	a
45.66	200	accepted	false	a
44.90	200	accepted	false	b
54.86	200	accepted	false	a
27.84	200	accepted	false	a
61.87	200	accepted	false	b
53.88	200	accepted	false	b
45.76	200	accepted	false	a
56.91	200	accepted	false	b
59.86	200	accepted	false	b
107.91	200	accepted	false	a
84.09	200	accepted	false	a
68.02	200	accepted	false	a
95.67	200	accepted	false	b
38.39	200	duplicate	true	a
80.66	200	accepted	false	b
48.66	200	accepted	false	a
30.79	200	accepted	false	a
113.48	200	accepted	false	b
38.52	200	accepted	false	a
34.59	200	accepted	false	b
28.63	200	accepted	false	a
140.42	200	accepted	false	b
125.88	200	accepted	false	b
66.96	200	accepted	false	b
57.51	200	accepted	false	a
42.81	200	accepted	false	a
45.63	200	accepted	false	b
89.97	200	accepted	false	b
67.83	200	accepted	false	a
50.40	200	accepted	false	b
51.04	200	accepted	false	a
23.25	200	accepted	false	a
39.36	200	accepted	false	b
34.82	200	duplicate	true	a
92.24	200	accepted	false	b
34.66	200	accepted	false	b
33.23	200	accepted	false	a
37.04	200	accepted	false	b
35.69	200	accepted	false	a
25.11	200	accepted	false	b
26.51	200	accepted	false	a
27.68	200	accepted	false	b
26.30	200	accepted	false	a
39.50	200	accepted	false	b
51.54	200	accepted	false	a
31.02	200	accepted	false	a
76.75	200	accepted	false	b
51.29	200	accepted	false	a
89.32	200	accepted	false	b
72.69	200	accepted	false	b
86.12	200	accepted	false	a
56.23	200	accepted	false	a
36.42	200	duplicate	true	a
100.38	200	accepted	false	b
31.56	200	accepted	false	a
45.06	200	accepted	false	b
46.36	200	accepted	false	a
116.03	200	accepted	false	b
56.12	200	accepted	false	b
76.13	200	accepted	false	a
30.49	200	accepted	false	b
101.60	200	accepted	false	b
154.13	200	accepted	false	a
126.21	200	accepted	false	b
107.72	200	accepted	false	b
101.99	200	accepted	false	b
148.78	200	accepted	false	a
40.66	200	duplicate	true	a
127.42	200	accepted	false	a
45.08	200	accepted	false	b
94.88	200	accepted	false	b
60.19	200	accepted	false	a
50.94	200	accepted	false	b
48.60	200	accepted	false	a
48.81	200	accepted	false	b
22.91	200	accepted	false	b
602.39	200	accepted	false	b
74.75	200	accepted	false	a
58.38	200	accepted	false	a
47.02	200	accepted	false	b
45.57	200	accepted	false	a
423.60	200	accepted	false	a
66.09	200	accepted	false	b
50.60	200	accepted	false	a
376.66	200	accepted	false	b
75.93	200	accepted	false	b
84.18	200	accepted	false	a
69.22	200	accepted	false	b
69.74	200	accepted	false	a
38.53	200	duplicate	true	a
161.45	200	accepted	false	b
43.49	200	accepted	false	a
96.66	200	accepted	false	b
56.00	200	accepted	false	a
175.15	200	accepted	false	b
83.40	200	accepted	false	a
60.96	200	accepted	false	b
165.35	200	accepted	false	b
59.44	200	accepted	false	a
109.29	200	accepted	false	b
212.96	200	accepted	false	b
29.98	200	accepted	false	b
113.63	200	accepted	false	a
148.91	200	accepted	false	b
19.94	200	duplicate	true	a
109.09	200	accepted	false	a
80.76	200	accepted	false	a
26.84	200	accepted	false	a
111.09	200	accepted	false	b
90.83	200	accepted	false	b
26.62	200	accepted	false	b
105.17	200	accepted	false	b
97.76	200	accepted	false	a
1058.92	200	accepted	false	a
50.75	200	accepted	false	b
98.99	200	accepted	false	a
54.54	200	accepted	false	b
114.22	200	accepted	false	a
41.35	200	accepted	false	b
131.97	200	accepted	false	a
125.77	200	accepted	false	a
21.41	200	duplicate	true	a
115.75	200	accepted	false	a
52.33	200	accepted	false	b
161.84	200	accepted	false	b
146.89	200	accepted	false	a
38.82	200	accepted	false	b
80.84	200	accepted	false	a
113.31	200	accepted	false	b
215.93	200	accepted	false	b
73.47	200	accepted	false	a
108.13	200	accepted	false	b
46.54	200	accepted	false	b
1161.78	200	accepted	false	a
180.62	200	accepted	false	a
272.68	200	accepted	false	a
59.80	200	accepted	false	b
98.58	200	accepted	false	a
77.03	200	accepted	false	a
656.06	200	accepted	false	a
192.69	200	accepted	false	a
64.08	200	accepted	false	b
15.39	200	duplicate	true	a
110.38	200	accepted	false	a
100.89	200	accepted	false	a
58.76	200	accepted	false	a
217.96	200	accepted	false	b
111.31	200	accepted	false	b
101.92	200	accepted	false	b
92.03	200	accepted	false	a
93.25	200	accepted	false	b
78.52	200	accepted	false	a
1222.64	200	accepted	false	a
64.45	200	accepted	false	b
93.28	200	accepted	false	a
66.79	200	accepted	false	a
317.04	200	accepted	false	b
97.87	200	accepted	false	b
56.52	200	accepted	false	a
131.40	200	accepted	false	a
78.22	200	accepted	false	a
53.02	200	accepted	false	a
162.54	200	accepted	false	b
51.33	200	duplicate	true	a
40.56	200	accepted	false	b
91.93	200	accepted	false	b
55.44	200	accepted	false	a
744.69	200	accepted	false	b
69.85	200	accepted	false	a
89.67	200	accepted	false	b
66.06	200	accepted	false	b
178.78	200	accepted	false	b
46.26	200	accepted	false	b
99.86	200	accepted	false	b
112.57	200	accepted	false	a
31.83	200	accepted	false	b
73.39	200	accepted	false	a
216.96	200	accepted	false	a
44.15	200	accepted	false	a
167.79	200	accepted	false	b
42.05	200	duplicate	true	a
124.73	200	accepted	false	b
169.92	200	accepted	false	a
100.49	200	accepted	false	b
91.21	200	accepted	false	b
100.34	200	accepted	false	a
103.93	200	accepted	false	a
136.01	200	accepted	false	b
71.95	200	accepted	false	a
172.38	200	accepted	false	b
161.22	200	accepted	false	b
114.36	200	accepted	false	b
413.97	200	accepted	false	b
213.34	200	accepted	false	b
23.65	200	accepted	false	b
58.11	200	duplicate	true	a
138.31	200	accepted	false	a
182.42	200	accepted	false	b
136.28	200	accepted	false	a
66.41	200	accepted	false	a
45.78	200	accepted	false	a
84.84	200	accepted	false	b
61.31	200	accepted	false	b
1029.05	200	accepted	false	b
62.77	200	accepted	false	a
64.33	200	accepted	false	b
448.89	200	accepted	false	a
1134.41	200	accepted	false	b
46.56	200	accepted	false	a
46.82	200	accepted	false	b
91.69	200	accepted	false	b
58.38	200	accepted	false	a
44.44	200	accepted	false	b
361.15	200	accepted	false	b
431.20	200	accepted	false	b
90.38	200	accepted	false	b
56.06	200	accepted	false	a
21.19	200	duplicate	true	a
110.62	200	accepted	false	b
105.21	200	accepted	false	b
192.20	200	accepted	false	a
93.01	200	accepted	false	a
61.11	200	accepted	false	a
46.19	200	accepted	false	a
1257.48	200	accepted	false	a
121.24	200	accepted	false	b
118.02	200	accepted	false	b
94.49	200	accepted	false	b
74.60	200	accepted	false	b
104.15	200	accepted	false	a
2535.07	200	accepted	false	b
63.80	200	accepted	false	a
49.85	200	accepted	false	b
115.73	200	accepted	false	b
61.22	200	accepted	false	a
51.80	200	accepted	false	a
36.37	200	accepted	false	a
536.17	200	accepted	false	a
35.69	200	duplicate	true	a
96.52	200	accepted	false	b
156.56	200	accepted	false	b
54.29	200	accepted	false	b
43.20	200	accepted	false	a
123.66	200	accepted	false	b
57.90	200	accepted	false	b
59.78	200	accepted	false	a
62.82	200	accepted	false	b
3325.03	200	accepted	false	b
55.61	200	accepted	false	b
59.06	200	accepted	false	a
137.87	200	accepted	false	a
101.15	200	accepted	false	b
508.93	200	accepted	false	a
105.35	200	accepted	false	a
141.43	200	accepted	false	b
67.96	200	accepted	false	a
142.63	200	accepted	false	b
16.00	200	duplicate	true	a
63.16	200	accepted	false	a
58.30	200	accepted	false	b
124.50	200	accepted	false	b
62.44	200	accepted	false	b
50.13	200	accepted	false	a
308.08	200	accepted	false	a
47.37	200	accepted	false	a
76.04	200	accepted	false	b
46.25	200	accepted	false	b
56.02	200	accepted	false	a
997.17	200	accepted	false	b
356.83	200	accepted	false	a
70.35	200	accepted	false	b
1585.92	200	accepted	false	a
39.22	200	accepted	false	b
118.30	200	accepted	false	a
50.76	200	accepted	false	b
3823.89	200	accepted	false	a
57.71	200	accepted	false	a
307.93	200	accepted	false	b
51.07	200	duplicate	true	a
148.34	200	accepted	false	a
1838.77	200	accepted	false	a
253.03	200	accepted	false	a
27.47	200	accepted	false	b
82.24	200	accepted	false	b
90.51	200	accepted	false	a
62.09	200	accepted	false	a
63.60	200	accepted	false	b
27.21	200	accepted	false	a
104.63	200	accepted	false	a
91.96	200	accepted	false	b
3638.81	200	accepted	false	b
61.99	200	accepted	false	a
110.20	200	accepted	false	b
81.75	200	accepted	false	b
88.21	200	accepted	false	a
401.92	200	accepted	false	b
5072.49	200	accepted	false	a
72.13	200	duplicate	true	a
76.54	200	accepted	false	b
143.06	200	accepted	false	b
202.78	200	accepted	false	b
57.08	200	accepted	false	b
155.77	200	accepted	false	b
137.30	200	accepted	false	b
145.38	200	accepted	false	a
109.91	200	accepted	false	b
140.83	200	accepted	false	a
111.77	200	accepted	false	a
94.11	200	accepted	false	a
81.48	200	accepted	false	b
77.87	200	accepted	false	a
299.64	200	accepted	false	a
51.50	200	accepted	false	b
103.04	200	accepted	false	a
39.82	200	duplicate	true	a
974.40	200	accepted	false	a
45.85	200	accepted	false	a
50.34	200	accepted	false	b
30.87	200	accepted	false	b
187.23	200	accepted	false	b
96.45	200	accepted	false	a
90.74	200	accepted	false	a
76.47	200	accepted	false	a
127.15	200	accepted	false	b
63.24	200	accepted	false	b
118.15	200	accepted	false	a
169.52	200	accepted	false	b
35.23	200	accepted	false	b
63.63	200	accepted	false	a
97.46	200	accepted	false	b
12.94	200	duplicate	true	a
146.91	200	accepted	false	a
30.43	200	accepted	false	b
3932.89	200	accepted	false	b
234.05	200	accepted	false	b
126.36	200	accepted	false	b
95.00	200	accepted	false	a
96.04	200	accepted	false	a
134.90	200	accepted	false	b
120.91	200	accepted	false	b
39.96	200	accepted	false	b
150.98	200	accepted	false	a
45.20	200	accepted	false	b
176.15	200	accepted	false	a
186.69	200	accepted	false	b
94.18	200	accepted	false	a
24.39	200	duplicate	true	a
193.52	200	accepted	false	a
39.72	200	accepted	false	b
924.24	200	accepted	false	a
24.34	200	accepted	false	a
244.76	200	accepted	false	b
39.25	200	accepted	false	a
29.62	200	accepted	false	b
131.56	200	accepted	false	b
218.37	200	accepted	false	b
127.54	200	accepted	false	b
87.95	200	accepted	false	a
324.44	200	accepted	false	a
49.56	200	accepted	false	b
146.50	200	accepted	false	b
143.55	200	accepted	false	a
30.01	200	accepted	false	b
182.75	200	accepted	false	a
139.81	200	accepted	false	a
73.03	200	duplicate	true	a
127.05	200	accepted	false	a
91.09	200	accepted	false	b
87.28	200	accepted	false	b
44.92	200	accepted	false	a
48.52	200	accepted	false	b
5902.96	503	error	false	b
44.63	200	accepted	false	b
171.77	200	accepted	false	a
106.36	200	accepted	false	a
890.88	200	accepted	false	a
79.58	200	accepted	false	b
126.46	200	accepted	false	a
101.08	200	accepted	false	a
1936.44	200	accepted	false	a
126.77	200	accepted	false	a
77.37	200	accepted	false	a
50.87	200	duplicate	true	a
53.85	200	accepted	false	b
4665.89	200	accepted	false	a
74.12	200	accepted	false	a
51.25	200	accepted	false	b
116.71	200	accepted	false	b
137.68	200	accepted	false	a
381.60	200	accepted	false	b
101.58	200	accepted	false	b
381.73	200	accepted	false	a
4685.67	200	accepted	false	a
24.74	200	accepted	false	a
110.43	200	accepted	false	b
171.04	200	accepted	false	b
110.49	200	accepted	false	b
2470.29	200	accepted	false	a
35.65	200	duplicate	true	a
106.08	200	accepted	false	b
106.93	200	accepted	false	a
94.29	200	accepted	false	b
43.44	200	accepted	false	a
3183.09	200	accepted	false	a
69.95	200	accepted	false	b
203.94	200	accepted	false	b
107.66	200	accepted	false	b
1904.61	200	accepted	false	a
103.21	200	accepted	false	a
192.76	200	accepted	false	a
122.66	200	accepted	false	a
177.69	200	accepted	false	b
106.64	200	accepted	false	b
168.47	200	accepted	false	b
163.51	200	accepted	false	a
120.01	200	duplicate	true	a
105.56	200	accepted	false	b
215.29	200	accepted	false	a
107.88	200	accepted	false	a
124.41	200	accepted	false	b
92.90	200	accepted	false	b
94.58	200	accepted	false	a
218.78	200	accepted	false	a
102.52	200	accepted	false	a
155.29	200	accepted	false	b
183.72	200	accepted	false	b
203.93	200	accepted	false	a
1825.64	200	accepted	false	b
227.19	200	accepted	false	a
500.40	200	accepted	false	b
2446.38	200	accepted	false	a
414.79	200	accepted	false	b
479.52	200	accepted	false	a
2432.03	200	accepted	false	b
437.47	200	accepted	false	a
396.55	200	duplicate	true	a
4031.85	200	accepted	false	b
460.91	200	accepted	false	b
525.78	200	accepted	false	b
654.38	200	accepted	false	a
578.94	200	accepted	false	a
608.86	200	accepted	false	b
568.33	200	accepted	false	b
555.29	200	accepted	false	a
639.28	200	accepted	false	a
524.99	200	accepted	false	a
670.18	200	accepted	false	b
467.74	200	accepted	false	b
501.07	200	accepted	false	a
441.51	200	accepted	false	b
459.45	200	accepted	false	a
424.90	200	accepted	false	a
542.70	200	accepted	false	b
427.66	200	accepted	false	b
2489.50	200	accepted	false	b
5889.27	503	error	false	a
455.20	200	duplicate	true	a
602.95	200	accepted	false	a
609.60	200	accepted	false	b
574.81	200	accepted	false	b
545.68	200	accepted	false	a
533.44	200	accepted	false	b
555.08	200	accepted	false	a
511.93	200	accepted	false	a
499.54	200	accepted	false	b
650.39	200	accepted	false	a
541.83	200	accepted	false	b
455.49	200	accepted	false	a
512.30	200	accepted	false	a
437.50	200	accepted	false	a
476.99	200	accepted	false	b
422.42	200	accepted	false	a
793.14	200	accepted	false	b
4481.22	200	accepted	false	a
540.36	200	accepted	false	a
601.96	200	accepted	false	b
592.67	200	duplicate	true	a
666.87	200	accepted	false	b
1993.08	200	accepted	false	b
535.06	200	accepted	false	a
512.41	200	accepted	false	b
620.68	200	accepted	false	b
472.06	200	accepted	false	a
497.62	200	accepted	false	b
452.54	200	accepted	false	b
437.52	200	accepted	false	a
3012.93	200	accepted	false	a
4238.63	200	accepted	false	b
624.50	200	accepted	false	b
569.19	200	accepted	false	a
460.81	200	accepted	false	a
462.78	200	accepted	false	b
464.21	200	accepted	false	a
2010.08	200	accepted	false	b
462.25	200	duplicate	true	a
2662.50	200	accepted	false	a
451.97	200	accepted	false	b
421.98	200	accepted	false	a
559.04	200	accepted	false	a
409.13	200	accepted	false	a
397.00	200	accepted	false	b
352.84	200	accepted	false	b
2654.03	200	accepted	false	a
555.75	200	accepted	false	a
353.56	200	accepted	false	b
343.68	200	accepted	false	a
344.25	200	accepted	false	b
407.73	200	accepted	false	a
340.03	200	accepted	false	b
341.84	200	accepted	false	a
546.88	200	accepted	false	a
360.97	200	accepted	false	b
377.99	200	accepted	false	a
348.40	200	accepted	false	a
331.36	200	accepted	false	b
321.33	200	duplicate	true	a
306.72	200	accepted	false	b
306.45	200	accepted	false	a
290.83	200	accepted	false	b
6045.27	503	error	false	b
1109.74	200	accepted	false	a
260.37	200	accepted	false	b
239.55	200	accepted	false	a
888.82	200	accepted	false	b
357.36	200	accepted	false	a
245.27	200	accepted	false	a
3585.73	200	accepted	false	b
252.02	200	accepted	false	a
240.74	200	accepted	false	b
212.45	200	accepted	false	a
198.76	200	accepted	false	b
289.07	200	accepted	false	b
367.46	200	accepted	false	a
3213.75	200	accepted	false	b
208.91	200	accepted	false	b
201.08	200	duplicate	true	a
186.68	200	accepted	false	b
266.49	200	accepted	false	b
146.26	200	accepted	false	a
318.65	200	accepted	false	a
142.57	200	accepted	false	b
227.68	200	accepted	false	b
259.93	200	accepted	false	a
137.74	200	accepted	false	a
6095.08	503	error	false	b
129.90	200	accepted	false	b
1336.00	200	accepted	false	b
133.89	200	accepted	false	a
135.43	200	accepted	false	b
187.26	200	accepted	false	b
147.74	200	accepted	false	b
6109.86	503	error	false	b
257.85	200	accepted	false	a
215.73	200	accepted	false	a
171.39	200	accepted	false	b
123.00	200	duplicate	true	a
198.46	200	accepted	false	a
6102.04	503	error	false	a
180.92	200	accepted	false	a
135.61	200	accepted	false	b
127.55	200	accepted	false	b
66.33	200	accepted	false	a
67.50	200	accepted	false	b
158.71	200	accepted	false	a
209.46	200	accepted	false	a
116.29	200	accepted	false	a
124.54	200	accepted	false	b
75.03	200	accepted	false	a
134.17	200	accepted	false	b
75.94	200	accepted	false	a
76.77	200	accepted	false	b
63.54	200	accepted	false	a
216.26	200	accepted	false	a
64.74	200	accepted	false	a
101.27	200	accepted	false	b
90.99	200	duplicate	true	a
243.71	200	accepted	false	b
6207.71	503	error	false	b
116.28	200	accepted	false	b
188.29	200	accepted	false	b
88.48	200	accepted	false	b
173.03	200	accepted	false	a
142.74	200	accepted	false	b
127.52	200	accepted	false	a
83.37	200	accepted	false	a
3828.86	200	accepted	false	a
71.10	200	accepted	false	b
55.41	200	accepted	false	a
6116.32	503	error	false	b
6040.46	503	error	false	b
165.32	200	accepted	false	b
90.06	200	accepted	false	b
141.26	200	accepted	false	a
1668.12	200	accepted	false	b
94.30	200	accepted	false	a
101.64	200	accepted	false	b
85.26	200	accepted	false	b
29.69	200	duplicate	true	a
136.29	200	accepted	false	a
4577.77	200	accepted	false	b
135.93	200	accepted	false	b
92.12	200	accepted	false	a
135.02	200	accepted	false	b
48.09	200	accepted	false	a
2673.66	200	accepted	false	b
75.18	200	accepted	false	b
65.45	200	accepted	false	a
67.86	200	accepted	false	b
26.17	200	accepted	false	a
4555.98	200	accepted	false	a
71.19	200	accepted	false	b
276.65	200	accepted	false	a
6134.01	503	error	false	a
52.65	200	accepted	false	b
3433.68	200	accepted	false	b
18.66	200	duplicate	true	a
120.12	200	accepted	false	a
98.87	200	accepted	false	b
162.33	200	accepted	false	a
332.50	200	accepted	false	b
468.84	200	accepted	false	b
107.32	200	accepted	false	b
6066.91	503	error	false	b
106.68	200	accepted	false	b
87.43	200	accepted	false	b
1510.16	200	accepted	false	b
102.02	200	accepted	false	a
219.84	200	accepted	false	a
316.53	200	accepted	false	a
135.39	200	accepted	false	a
123.86	200	accepted	false	b
6023.15	503	error	false	a
258.98	200	accepted	false	a
127.11	200	accepted	false	b
150.78	200	accepted	false	a
91.31	200	duplicate	true	a
113.76	200	accepted	false	b
110.33	200	accepted	false	a
101.90	200	accepted	false	b
241.44	200	accepted	false	b
136.80	200	accepted	false	b
438.19	200	accepted	false	b
119.16	200	accepted	false	b
252.94	200	accepted	false	a
166.60	200	accepted	false	a
245.37	200	accepted	false	a
167.14	200	accepted	false	b
155.86	200	accepted	false	a
6164.51	503	error	false	a
298.99	200	accepted	false	a
1007.97	200	accepted	false	a
194.13	200	accepted	false	b
167.95	200	accepted	false	b
157.41	200	accepted	false	a
6147.15	503	error	false	b
145.28	200	accepted	false	b
163.61	200	duplicate	true	a
337.58	200	accepted	false	b
170.01	200	accepted	false	b
1716.45	200	accepted	false	a
164.01	200	accepted	false	a
354.36	200	accepted	false	a
147.56	200	accepted	false	b
125.97	200	accepted	false	a
282.33	200	accepted	false	b
186.72	200	accepted	false	b
171.13	200	accepted	false	b
300.97	200	accepted	false	a
6107.37	200	accepted	false	b
279.91	200	accepted	false	a
284.14	200	accepted	false	a
241.41	200	accepted	false	b
211.23	200	accepted	false	b
254.08	200	accepted	false	a
715.68	200	accepted	false	a
6237.43	503	error	false	b
6101.95	503	error	false	a
225.51	200	duplicate	true	a
242.03	200	accepted	false	b
276.96	200	accepted	false	a
288.76	200	accepted	false	b
197.59	200	accepted	false	b
187.49	200	accepted	false	b
199.45	200	accepted	false	a
181.67	200	accepted	false	b
6103.74	503	error	false	a
1008.91	200	accepted	false	b
194.69	200	accepted	false	a
349.27	200	accepted	false	a
245.47	200	accepted	false	a
239.35	200	accepted	false	a
193.74	200	accepted	false	a
194.93	200	accepted	false	b
194.62	200	accepted	false	a
488.46	200	accepted	false	a
208.07	200	duplicate	true	a
348.76	200	accepted	false	b
481.36	200	accepted	false	b
238.95	200	accepted	false	b
347.25	200	accepted	false	b
6261.73	503	error	false	b
6203.69	503	error	false	a
234.73	200	accepted	false	b
253.24	200	accepted	false	a
6216.68	503	error	false	b
6150.96	503	error	false	a
362.63	200	accepted	false	a
193.38	200	accepted	false	a
300.30	200	accepted	false	a
200.05	200	accepted	false	a
140.95	200	accepted	false	b
252.67	200	accepted	false	b
313.65	200	accepted	false	b
204.79	200	accepted	false	a
147.60	200	accepted	false	b
131.01	200	duplicate	true	a
219.16	200	accepted	false	b
141.29	200	accepted	false	b
199.22	200	accepted	false	a
165.16	200	accepted	false	a
155.96	200	accepted	false	b
172.01	200	accepted	false	a
272.33	200	accepted	false	b
615.19	200	accepted	false	a
197.96	200	accepted	false	b
196.87	200	accepted	false	a
4776.05	200	accepted	false	b
217.59	200	accepted	false	b
6192.80	503	error	false	b
319.46	200	accepted	false	a
255.85	200	accepted	false	b
195.65	200	accepted	false	a
271.43	200	accepted	false	a
6231.69	503	error	false	a
6263.83	503	error	false	b
261.74	200	accepted	false	b
168.94	200	duplicate	true	a
193.37	200	accepted	false	b
270.75	200	accepted	false	b
4531.44	200	accepted	false	b
289.06	200	accepted	false	b
193.09	200	accepted	false	a
257.30	200	accepted	false	a
189.02	200	accepted	false	a
280.94	200	accepted	false	b
416.65	200	accepted	false	a
250.66	200	accepted	false	b
221.58	200	accepted	false	a
282.61	200	accepted	false	a
307.44	200	accepted	false	b
402.52	200	accepted	false	b
267.80	200	accepted	false	b
259.33	200	accepted	false	b
1133.64	200	accepted	false	a
233.64	200	accepted	false	b
220.36	200	duplicate	true	a
805.39	200	accepted	false	a
245.56	200	accepted	false	b
385.61	200	accepted	false	b
207.86	200	accepted	false	a
299.88	200	accepted	false	b
278.54	200	accepted	false	a
278.35	200	accepted	false	b
270.03	200	accepted	false	a
3245.86	200	accepted	false	b
268.13	200	accepted	false	a
317.86	200	accepted	false	b
256.86	200	accepted	false	a
429.61	200	accepted	false	b
3813.18	200	accepted	false	a
767.47	200	accepted	false	a
332.18	200	accepted	false	a
459.85	200	accepted	false	b
6455.78	503	error	false	b
308.08	200	accepted	false	b
5306.61	200	accepted	false	b
292.94	200	duplicate	true	a
368.73	200	accepted	false	b
422.62	200	accepted	false	a
5244.62	200	accepted	false	a
364.28	200	accepted	false	a
444.23	200	accepted	false	b
414.14	200	accepted	false	a
339.65	200	accepted	false	a
329.91	200	accepted	false	b
1969.06	200	accepted	false	b
1001.70	200	accepted	false	a
443.29	200	accepted	false	a
382.77	200	accepted	false	a
733.92	200	accepted	false	b
360.81	200	accepted	false	b
355.04	200	accepted	false	a
340.73	200	accepted	false	b
488.05	200	accepted	false	a
387.09	200	accepted	false	b
391.60	200	duplicate	true	a
564.79	200	accepted	false	b
2958.91	200	accepted	false	b
6528.99	503	error	false	b
374.78	200	accepted	false	b
6518.98	503	error	false	b
484.14	200	accepted	false	b
422.22	200	accepted	false	a
4069.38	200	accepted	false	b
687.79	200	accepted	false	b
397.17	200	accepted	false	a
6376.42	503	error	false	a
492.50	200	accepted	false	a
459.21	200	accepted	false	b
423.82	200	accepted	false	b
426.61	200	accepted	false	a
400.47	200	accepted	false	b
395.44	200	accepted	false	a
478.55	200	accepted	false	a
597.56	200	accepted	false	b
461.96	200	accepted	false	b
407.51	200	duplicate	true	a
427.16	200	accepted	false	b
365.29	200	accepted	false	b
420.45	200	accepted	false	a
443.14	200	accepted	false	b
391.84	200	accepted	false	b
449.65	200	accepted	false	a
398.24	200	accepted	false	a
465.68	200	accepted	false	a
2133.89	200	accepted	false	b
391.58	200	accepted	false	a
373.26	200	accepted	false	a
351.53	200	accepted	false	b
462.20	200	accepted	false	b
338.35	200	accepted	false	b
6160.67	503	error	false	a
6148.54	503	error	false	b
3066.79	200	accepted	false	b
470.78	200	accepted	false	b
321.81	200	accepted	false	b
338.79	200	accepted	false	a
325.54	200	duplicate	true	a
536.53	200	accepted	false	a
366.03	200	accepted	false	a
549.44	200	accepted	false	b
382.32	200	accepted	false	a
508.07	200	accepted	false	b
371.36	200	accepted	false	a
4611.35	200	accepted	false	a
376.92	200	accepted	false	a
483.09	200	accepted	false	b
1463.64	200	accepted	false	a
6160.66	503	error	false	b
437.02	200	accepted	false	a
636.96	200	accepted	false	a
425.60	200	accepted	false	a
470.89	200	accepted	false	a
540.37	200	accepted	false	b
539.65	200	accepted	false	b
445.16	200	duplicate	true	a
462.95	200	accepted	false	b
536.03	200	accepted	false	b
424.88	200	accepted	false	b
1931.41	200	accepted	false	a
468.86	200	accepted	false	a
555.29	200	accepted	false	b
499.76	200	accepted	false	b
6067.87	503	error	false	b
464.35	200	accepted	false	b
512.03	200	accepted	false	a
463.34	200	accepted	false	b
510.47	200	accepted	false	a
445.75	200	accepted	false	a
1376.75	200	accepted	false	b
5911.30	200	accepted	false	b
523.87	200	accepted	false	b
447.98	200	accepted	false	b
433.66	200	accepted	false	a
647.93	200	accepted	false	b
469.53	200	duplicate	true	a
450.77	200	accepted	false	b
570.61	200	accepted	false	b
521.84	200	accepted	false	b
431.20	200	accepted	false	a
619.83	200	accepted	false	a
748.82	200	accepted	false	a
468.40	200	accepted	false	a
449.85	200	accepted	false	a
458.68	200	accepted	false	a
586.88	200	accepted	false	b
580.83	200	accepted	false	b
496.00	200	accepted	false	a
674.29	200	accepted	false	b
487.97	200	accepted	false	a
6106.33	503	error	false	b
6215.01	503	error	false	a
1453.32	200	accepted	false	b
568.79	200	accepted	false	b
551.92	200	accepted	false	b
495.40	200	accepted	false	a
530.09	200	accepted	false	b
511.80	200	duplicate	true	a
566.74	200	accepted	false	b
587.08	200	accepted	false	b
514.89	200	accepted	false	b
539.17	200	accepted	false	a
544.26	200	accepted	false	b
6213.52	503	error	false	a
582.83	200	accepted	false	a
522.40	200	accepted	false	b
616.00	200	accepted	false	a
6257.56	503	error	false	a
904.67	200	accepted	false	a
600.93	200	accepted	false	b
572.11	200	accepted	false	b
6250.79	503	error	false	b
873.42	200	accepted	false	b
607.90	200	accepted	false	a
600.28	200	accepted	false	b
644.23	200	accepted	false	b
653.40	200	accepted	false	a
595.59	200	accepted	false	b
587.76	200	accepted	false	a
680.39	200	duplicate	true	a
774.80	200	accepted	false	b
640.03	200	accepted	false	a
685.17	200	accepted	false	b
720.05	200	accepted	false	a
704.69	200	accepted	false	a
713.40	200	accepted	false	b
791.62	200	accepted	false	b
6129.43	503	error	false	a
3626.73	200	accepted	false	b
784.89	200	accepted	false	a
811.16	200	accepted	false	b
760.75	200	accepted	false	a
714.45	200	accepted	false	a
6152.04	503	error	false	b
722.39	200	accepted	false	b
1694.95	200	accepted	false	b
696.94	200	accepted	false	b
681.85	200	duplicate	true	a
1042.87	200	accepted	false	b
3233.50	200	accepted	false	a
876.67	200	accepted	false	a
803.98	200	accepted	false	a
6215.85	503	error	false	a
4236.49	200	accepted	false	a
837.04	200	accepted	false	b
777.78	200	accepted	false	a
780.69	200	accepted	false	b
738.88	200	accepted	false	b
723.12	200	accepted	false	a
864.81	200	accepted	false	a
714.97	200	accepted	false	a
859.97	200	accepted	false	a
724.97	200	accepted	false	b
1712.19	200	accepted	false	a
6282.62	503	error	false	a
6263.60	503	error	false	b
816.10	200	accepted	false	a
738.26	200	duplicate	true	a
891.21	200	accepted	false	b
721.84	200	accepted	false	a
711.75	200	accepted	false	b
790.02	200	accepted	false	b
829.71	200	accepted	false	a
678.63	200	accepted	false	a
1195.40	200	accepted	false	a
6170.40	503	error	false	b
672.18	200	accepted	false	a
666.46	200	accepted	false	b
722.94	200	accepted	false	b
4472.23	200	accepted	false	b
866.44	200	accepted	false	a
732.87	200	accepted	false	b
772.16	200	accepted	false	b
880.85	200	accepted	false	a
696.51	200	accepted	false	b
695.26	200	duplicate	true	a
3392.28	200	accepted	false	b
673.75	200	accepted	false	a
667.03	200	accepted	false	b
818.62	200	accepted	false	a
711.99	200	accepted	false	a
802.09	200	accepted	false	b
741.91	200	accepted	false	b
798.08	200	accepted	false	a
756.43	200	accepted	false	b
732.73	200	accepted	false	b
700.53	200	accepted	false	b
6249.61	503	error	false	b
6163.15	503	error	false	a
731.72	200	accepted	false	a
772.27	200	accepted	false	a
700.86	200	accepted	false	a
659.09	200	accepted	false	b
629.26	200	accepted	false	a
1698.65	200	accepted	false	b
648.98	200	accepted	false	a
656.69	200	duplicate	true	a
830.18	200	accepted	false	b
6194.53	503	error	false	b
741.39	200	accepted	false	a
763.60	200	accepted	false	b
732.81	200	accepted	false	b
949.78	200	accepted	false	b
913.10	200	accepted	false	b
760.45	200	accepted	false	b
1703.89	200	accepted	false	b
721.27	200	accepted	false	a
711.11	200	accepted	false	b
700.29	200	accepted	false	a
6190.78	503	error	false	a
697.34	200	accepted	false	b
4297.25	200	accepted	false	a
828.14	200	accepted	false	a
647.60	200	accepted	false	b
632.76	200	accepted	false	a
3385.28	200	accepted	false	a
678.17	200	accepted	false	b
647.54	200	duplicate	true	a
648.38	200	accepted	false	b
2017.25	200	accepted	false	b
3695.33	200	accepted	false	a
881.04	200	accepted	false	a
808.45	200	accepted	false	a
950.68	200	accepted	false	a
2379.94	200	accepted	false	b
844.60	200	accepted	false	b
846.98	200	accepted	false	b
802.21	200	accepted	false	b
879.86	200	accepted	false	a
845.19	200	accepted	false	a
836.99	200	accepted	false	a
766.19	200	accepted	false	a
752.71	200	accepted	false	b
731.76	200	accepted	false	a
6377.27	503	error	false	a
729.66	200	accepted	false	b
6269.73	503	error	false	a
711.75	200	duplicate	true	a
4344.98	200	accepted	false	a
672.95	200	accepted	false	a
694.40	200	accepted	false	b
882.21	200	accepted	false	b
687.49	200	accepted	false	a
664.72	200	accepted	false	a
713.74	200	accepted	false	b
1223.85	200	accepted	false	b
731.21	200	accepted	false	b
831.61	200	accepted	false	b
1656.76	200	accepted	false	a
860.39	200	accepted	false	a
931.15	200	accepted	false	a
810.91	200	accepted	false	a
847.62	200	accepted	false	b
915.23	200	accepted	false	b
6578.95	200	accepted	false	b
853.11	200	duplicate	true	a
907.65	200	accepted	false	a
845.64	200	accepted	false	a
836.56	200	accepted	false	b
823.42	200	accepted	false	a
822.08	200	accepted	false	b
6424.62	503	error	false	b
800.82	200	accepted	false	a
768.26	200	accepted	false	a
939.20	200	accepted	false	b
793.64	200	accepted	false	b
752.96	200	accepted	false	b
737.83	200	accepted	false	a
1677.04	200	accepted	false	a
718.72	200	accepted	false	b
706.33	200	accepted	false	a
780.36	200	accepted	false	b
1529.22	200	accepted	false	b
771.00	200	accepted	false	b
837.23	200	accepted	false	b
803.20	200	accepted	false	a
763.67	200	duplicate	true	a
6317.14	503	error	false	b
6374.86	503	error	false	a
913.98	200	accepted	false	a
857.31	200	accepted	false	b
862.97	200	accepted	false	a
802.77	200	accepted	false	b
884.85	200	accepted	false	b
761.91	200	accepted	false	b
3861.05	200	accepted	false	b
766.39	200	accepted	false	b
6422.51	503	error	false	a
901.17	200	accepted	false	a
812.56	200	accepted	false	b
794.78	200	accepted	false	a
767.63	200	accepted	false	b
769.11	200	accepted	false	b
2375.83	200	accepted	false	b
727.34	200	accepted	false	b
713.45	200	accepted	false	a
685.80	200	duplicate	true	a
6555.64	200	accepted	false	b
812.66	200	accepted	false	a
673.32	200	accepted	false	b
649.04	200	accepted	false	a
745.75	200	accepted	false	b
721.39	200	accepted	false	b
735.10	200	accepted	false	b
775.93	200	accepted	false	a
823.17	200	accepted	false	a
848.26	200	accepted	false	b
3491.89	200	accepted	false	b
789.87	200	accepted	false	a
774.37	200	accepted	false	b
815.34	200	accepted	false	b
777.44	200	accepted	false	a
1139.54	200	accepted	false	b
1466.02	200	accepted	false	b
755.02	200	accepted	false	b
6310.43	503	error	false	b
818.69	200	accepted	false	b
783.44	200	duplicate	true	a
771.27	200	accepted	false	b
829.60	200	accepted	false	a
715.45	200	accepted	false	a
1179.79	200	accepted	false	a
702.76	200	accepted	false	a
675.30	200	accepted	false	a
707.65	200	accepted	false	b
661.72	200	accepted	false	b
3380.97	200	accepted	false	a
3761.15	200	accepted	false	b
695.61	200	accepted	false	a
636.05	200	accepted	false	b
6280.66	503	error	false	b
907.04	200	accepted	false	a
762.55	200	accepted	false	b
810.74	200	accepted	false	a
723.68	200	accepted	false	a
725.39	200	duplicate	true	a
742.01	200	accepted	false	b
710.74	200	accepted	false	b
6289.59	503	error	false	a
824.33	200	accepted	false	a
733.08	200	accepted	false	b
750.74	200	accepted	false	b
800.06	200	accepted	false	a
748.87	200	accepted	false	a
795.87	200	accepted	false	a
736.57	200	accepted	false	a
1409.68	200	accepted	false	b
704.68	200	accepted	false	b
714.75	200	accepted	false	a
668.56	200	accepted	false	a
792.33	200	accepted	false	a
699.70	200	accepted	false	b
691.46	200	accepted	false	a
753.96	200	accepted	false	b
666.14	200	accepted	false	a
647.82	200	duplicate	true	a
692.20	200	accepted	false	b
659.80	200	accepted	false	a
3282.55	200	accepted	false	a
818.04	200	accepted	false	b
749.04	200	accepted	false	b
823.81	200	accepted	false	b
736.91	200	accepted	false	b
1385.87	200	accepted	false	b
850.07	200	accepted	false	a
808.31	200	accepted	false	a
768.10	200	accepted	false	b
755.69	200	accepted	false	a
741.63	200	accepted	false	b
6374.13	503	error	false	b
813.29	200	accepted	false	a
759.26	200	accepted	false	a
721.91	200	accepted	false	a
763.81	200	accepted	false	b
703.47	200	accepted	false	a
2390.84	200	accepted	false	a
712.04	200	duplicate	true	a
689.81	200	accepted	false	b
799.25	200	accepted	false	b
991.25	200	accepted	false	a
4938.69	200	accepted	false	a
656.24	200	accepted	false	a
1451.66	200	accepted	false	b
765.63	200	accepted	false	b
6385.83	503	error	false	a
793.54	200	accepted	false	a
725.11	200	accepted	false	a
6268.07	200	accepted	false	a
770.64	200	accepted	false	b
724.27	200	accepted	false	b
856.50	200	accepted	false	b
727.92	200	accepted	false	a
2901.39	200	accepted	false	a
6415.86	503	error	false	a
1735.80	200	accepted	false	b
691.51	200	accepted	false	b
676.45	200	accepted	true	a
707.39	200	accepted	false	b
700.06	200	accepted	false	a
2458.88	200	accepted	false	a
818.86	200	accepted	false	a
696.34	200	accepted	false	a
711.62	200	accepted	false	b
2361.47	200	accepted	false	b
697.06	200	accepted	false	b
680.48	200	accepted	false	a
726.63	200	accepted	false	a
656.64	200	accepted	false	a
694.37	200	accepted	false	b
782.81	200	accepted	false	b
843.55	200	accepted	false	a
710.74	200	accepted	false	b
715.34	200	accepted	false	b
760.23	200	accepted	false	a
1018.78	200	accepted	false	b
702.13	200	accepted	false	b
765.05	200	accepted	false	a
6448.46	503	error	false	b
6496.90	503	error	false	a
709.58	200	accepted	false	a
742.21	200	duplicate	true	a
1510.12	200	accepted	false	a
659.15	200	accepted	false	b
704.16	200	accepted	false	b
706.10	200	accepted	false	a
677.74	200	accepted	false	a
676.92	200	accepted	false	b
644.37	200	accepted	false	a
1569.87	200	accepted	false	b
712.84	200	accepted	false	b
3629.14	200	accepted	false	a
656.40	200	accepted	false	b
606.47	200	accepted	false	a
688.87	200	accepted	false	a
628.27	200	accepted	false	b
611.40	200	accepted	false	a
6565.40	503	error	false	b
610.25	200	duplicate	true	a
1071.82	200	accepted	false	b
4907.09	200	accepted	false	a
616.25	200	accepted	false	a
671.34	200	accepted	false	b
618.05	200	accepted	false	a
649.16	200	accepted	false	b
705.22	200	accepted	false	a
758.54	200	accepted	false	b
599.51	200	accepted	false	a
656.25	200	accepted	false	a
563.73	200	accepted	false	b
554.16	200	accepted	false	a
647.02	200	accepted	false	a
571.72	200	accepted	false	a
559.29	200	accepted	false	b
692.00	200	accepted	false	b
540.65	200	accepted	false	b
537.46	200	duplicate	true	a
5249.64	200	accepted	false	b
519.64	200	accepted	false	a
742.53	200	accepted	false	b
722.99	200	accepted	false	a
653.27	200	accepted	false	b
6478.40	503	error	false	a
6433.52	503	error	false	a
4921.00	200	accepted	false	a
624.13	200	accepted	false	b
609.24	200	accepted	false	a
597.64	200	accepted	false	b
6717.21	200	accepted	false	b
593.57	200	accepted	false	a
2293.73	200	accepted	false	b
594.52	200	accepted	false	b
564.93	200	accepted	false	a
612.46	200	accepted	false	b
566.43	200	accepted	false	a
581.92	200	accepted	false	b
2292.71	200	accepted	false	a
531.43	200	accepted	false	b
517.46	200	accepted	false	a
586.27	200	duplicate	true	a
689.37	200	accepted	false	a
680.36	200	accepted	false	b
617.84	200	accepted	false	a
672.89	200	accepted	false	b
653.76	200	accepted	false	a
631.43	200	accepted	false	b
598.45	200	accepted	false	a
568.60	200	accepted	false	b
565.15	200	accepted	false	b
668.47	200	accepted	false	a
551.53	200	accepted	false	a
533.06	200	accepted	false	b
594.53	200	accepted	false	a
1812.63	200	accepted	false	b
2592.05	200	accepted	false	a
1563.77	200	accepted	false	b
503.62	200	duplicate	true	a
6447.08	503	error	false	a
578.59	200	accepted	false	a
563.37	200	accepted	false	b
2747.61	200	accepted	false	a
531.99	200	accepted	false	a
6495.18	200	accepted	false	b
509.03	200	accepted	false	b
6478.87	503	error	false	b
707.72	200	accepted	false	b
546.49	200	accepted	false	b
630.29	200	accepted	false	a
5674.80	200	accepted	false	a
537.42	200	accepted	false	b
572.07	200	accepted	false	a
2003.21	200	accepted	false	b
476.52	200	accepted	false	b
509.24	200	accepted	false	a
550.35	200	accepted	false	b
453.69	200	duplicate	true	a
1441.82	200	accepted	false	a
571.37	200	accepted	false	a
521.52	200	accepted	false	b
597.22	200	accepted	false	b
509.33	200	accepted	false	b
474.64	200	accepted	false	b
517.45	200	accepted	false	a
554.12	200	accepted	false	a
1035.87	200	accepted	false	b
521.40	200	accepted	false	b
548.32	200	accepted	false	a
616.97	200	accepted	false	b
543.46	200	accepted	false	b
500.37	200	accepted	false	b
518.28	200	accepted	false	a
472.85	200	accepted	false	b
498.62	200	accepted	false	a
443.61	200	accepted	false	b
1115.67	200	accepted	false	a
6244.07	200	accepted	false	b
496.66	200	duplicate	true	a
6477.73	503	error	false	b
591.65	200	accepted	false	a
509.11	200	accepted	false	a
479.09	200	accepted	false	b
5158.14	200	accepted	false	a
652.05	200	accepted	false	b
549.64	200	accepted	false	b
519.15	200	accepted	false	b
612.30	200	accepted	false	a
613.56	200	accepted	false	a
583.65	200	accepted	false	a
506.29	200	accepted	false	a
491.32	200	accepted	false	b
572.65	200	accepted	false	b
464.32	200	accepted	false	b
442.87	200	accepted	false	a
6590.34	503	error	false	b
873.44	200	accepted	false	a
445.88	200	accepted	false	a
636.00	200	accepted	false	b
482.76	200	duplicate	true	a
475.50	200	accepted	false	b
558.00	200	accepted	false	b
504.44	200	accepted	false	b
479.37	200	accepted	false	b
493.56	200	accepted	false	a
478.90	200	accepted	false	b
785.43	200	accepted	false	a
481.80	200	accepted	false	b
513.77	200	accepted	false	a
623.50	200	accepted	false	a
6685.69	503	error	false	b
461.65	200	accepted	false	a
456.15	200	accepted	false	b
1756.33	200	accepted	false	a
440.12	200	accepted	false	a
430.23	200	accepted	false	b
392.88	200	accepted	false	b
443.60	200	duplicate	true	a
617.06	200	accepted	false	b
2790.17	200	accepted	false	a
528.32	200	accepted	false	a
472.24	200	accepted	false	a
433.04	200	accepted	false	a
6673.96	503	error	false	a
620.77	200	accepted	false	a
505.72	200	accepted	false	b
459.75	200	accepted	false	b
446.29	200	accepted	false	a
446.56	200	accepted	false	b
448.45	200	accepted	false	a
421.86	200	accepted	false	a
475.51	200	accepted	false	b
910.48	200	accepted	false	a
481.55	200	accepted	false	b
6543.64	503	error	false	a
454.84	200	accepted	false	b
708.33	200	accepted	false	b
501.48	200	accepted	false	a
442.33	200	accepted	false	b
455.18	200	duplicate	true	a
537.33	200	accepted	false	b
550.79	200	accepted	false	a
468.57	200	accepted	false	b
453.15	200	accepted	false	b
435.39	200	accepted	false	a
490.74	200	accepted	false	a
425.78	200	accepted	false	b
441.41	200	accepted	false	a
420.96	200	accepted	false	a
515.28	200	accepted	false	b
1076.27	200	accepted	false	b
458.86	200	accepted	false	b
459.85	200	accepted	false	a
460.23	200	accepted	false	b
432.63	200	accepted	false	a
408.74	200	accepted	false	a
878.60	200	accepted	false	a
454.65	200	accepted	false	a
414.95	200	duplicate	true	a
525.43	200	accepted	false	b
502.57	200	accepted	false	b
389.35	200	accepted	false	b
4995.57	200	accepted	false	b
386.24	200	accepted	false	b
479.55	200	accepted	false	a
387.21	200	accepted	false	b
388.70	200	accepted	false	b
396.81	200	accepted	false	a
612.44	200	accepted	false	b
479.35	200	accepted	false	a
1390.71	200	accepted	false	b
350.32	200	accepted	false	b
377.22	200	accepted	false	a
448.97	200	accepted	false	b
6626.83	503	error	false	b
457.73	200	accepted	false	a
475.51	200	accepted	false	b
415.53	200	accepted	false	a
399.40	200	accepted	false	b
372.17	200	accepted	false	b
6497.51	503	error	false	b
394.71	200	duplicate	true	a
507.43	200	accepted	false	b
447.03	200	accepted	false	a
413.67	200	accepted	false	b
596.76	200	accepted	false	a
6647.51	503	error	false	a
351.35	200	accepted	false	b
367.95	200	accepted	false	a
476.46	200	accepted	false	a
456.47	200	accepted	false	a
3542.36	200	accepted	false	b
401.03	200	accepted	false	a
388.99	200	accepted	false	b
440.24	200	accepted	false	b
404.93	200	accepted	false	a
382.73	200	accepted	false	a
439.35	200	accepted	false	b
393.75	200	duplicate	true	a
573.10	200	accepted	false	b
740.13	200	accepted	false	b
433.63	200	accepted	false	b
390.86	200	accepted	false	b
6511.09	503	error	false	b
366.93	200	accepted	false	a
416.61	200	accepted	false	b
423.09	200	accepted	false	a
392.28	200	accepted	false	a
361.89	200	accepted	false	a
356.02	200	accepted	false	b
4470.88	200	accepted	false	a
472.58	200	accepted	false	b
452.15	200	accepted	false	b
374.71	200	accepted	false	a
340.16	200	accepted	false	a
361.88	200	accepted	false	b
1452.27	200	accepted	false	b
1282.78	200	accepted	false	a
6516.75	503	error	false	b
331.23	200	accepted	false	a
330.60	200	duplicate	true	a
405.57	200	accepted	false	b
342.35	200	accepted	false	b
420.79	200	accepted	false	b
328.92	200	accepted	false	b
299.15	200	accepted	false	b
286.49	200	accepted	false	a
277.10	200	accepted	false	b
269.45	200	accepted	false	a
412.19	200	accepted	false	a
5735.41	200	accepted	false	b
413.96	200	accepted	false	a
318.91	200	accepted	false	a
296.88	200	accepted	false	a
302.11	200	accepted	false	b
3379.20	200	accepted	false	b
358.15	200	accepted	false	b
6642.09	503	error	false	b
227.50	200	duplicate	true	a
410.41	200	accepted	false	b
312.40	200	accepted	false	b
219.44	200	accepted	false	a
320.87	200	accepted	false	a
283.92	200	accepted	false	b
228.87	200	accepted	false	a
218.99	200	accepted	false	b
481.93	200	accepted	false	a
285.24	200	accepted	false	a
241.77	200	accepted	false	a
301.07	200	accepted	false	b
513.01	200	accepted	false	b
274.18	200	accepted	false	b
6637.75	503	error	false	b
366.76	200	accepted	false	b
6301.92	200	accepted	false	a
319.49	200	accepted	false	b
274.14	200	accepted	false	b
1692.30	200	accepted	false	b
3415.18	200	accepted	false	a
276.28	200	duplicate	true	a
1076.57	200	accepted	false	b
382.79	200	accepted	false	b
341.98	200	accepted	false	b
310.70	200	accepted	false	b
327.85	200	accepted	false	a
383.71	200	accepted	false	a
290.09	200	accepted	false	b
274.01	200	accepted	false	b
2843.43	200	accepted	false	b
326.69	200	accepted	false	a
410.07	200	accepted	false	a
358.67	200	accepted	false	b
360.76	200	accepted	false	a
335.13	200	accepted	false	a
6456.46	503	error	false	a
303.91	200	accepted	false	a
275.90	200	accepted	false	b
374.75	200	accepted	false	b
342.47	200	accepted	false	b
260.95	200	duplicate	true	a
309.10	200	accepted	false	a
6392.35	503	error	false	b
6449.51	503	error	false	a
2670.11	200	accepted	false	a
283.81	200	accepted	false	a
267.86	200	accepted	false	b
294.16	200	accepted	false	a
249.52	200	accepted	false	a
1580.77	200	accepted	false	a
250.08	200	accepted	false	b
488.12	200	accepted	false	b
258.97	200	accepted	false	a
243.96	200	accepted	false	a
329.36	200	accepted	false	a
511.30	200	accepted	false	b
331.19	200	accepted	false	b
6404.07	503	error	false	b
527.78	200	accepted	false	b
201.96	200	accepted	false	b
188.06	200	duplicate	true	a
175.84	200	accepted	false	b
348.75	200	accepted	false	b
221.80	200	accepted	false	b
270.04	200	accepted	false	a
1240.45	200	accepted	false	a
318.02	200	accepted	false	a
265.51	200	accepted	false	a
324.41	200	accepted	false	a
409.86	200	accepted	false	b
340.39	200	accepted	false	b
6502.69	503	error	false	b
6426.36	503	error	false	b
279.21	200	accepted	false	a
332.55	200	accepted	false	a
254.58	200	accepted	false	a
6386.62	503	error	false	b
1540.19	200	accepted	false	a
363.80	200	accepted	false	b
242.44	200	duplicate	true	a
253.99	200	accepted	false	b
403.19	200	accepted	false	b
375.21	200	accepted	false	a
1685.24	200	accepted	false	a
285.45	200	accepted	false	a
379.96	200	accepted	false	b
340.47	200	accepted	false	b
6393.53	503	error	false	b
288.57	200	accepted	false	a
417.97	200	accepted	false	a
247.95	200	accepted	false	a
359.28	200	accepted	false	b
342.54	200	accepted	false	b
331.11	200	accepted	false	a
6392.20	503	error	false	b
305.96	200	accepted	false	b
312.62	200	accepted	false	a
266.64	200	accepted	false	b
523.37	200	accepted	false	a
253.56	200	duplicate	true	a
2195.51	200	accepted	false	a
6380.31	503	error	false	a
322.46	200	accepted	false	b
280.39	200	accepted	false	b
6253.44	503	error	false	b
472.51	200	accepted	false	a
374.88	200	accepted	false	a
279.76	200	accepted	false	b
342.95	200	accepted	false	b
284.47	200	accepted	false	a
331.86	200	accepted	false	b
347.09	200	accepted	false	a
326.47	200	accepted	false	b
533.75	200	accepted	false	b
6363.28	503	error	false	a
6242.19	503	error	false	a
352.08	200	accepted	false	b
372.50	200	accepted	false	a
278.76	200	accepted	false	b
298.19	200	accepted	false	a
665.74	200	accepted	false	a
236.19	200	duplicate	true	a
296.49	200	accepted	false	b
6282.23	503	error	false	a
6295.84	503	error	false	b
1613.77	200	accepted	false	b
319.03	200	accepted	false	b
288.44	200	accepted	false	a
274.76	200	accepted	false	b
186.36	200	accepted	false	a
264.64	200	accepted	false	b
6270.69	503	error	false	a
2737.51	200	accepted	false	b
169.94	200	accepted	false	a
153.73	200	accepted	false	b
186.50	200	accepted	false	b
134.38	200	accepted	false	a
372.20	200	accepted	false	b
126.82	200	duplicate	true	a
3692.55	200	accepted	false	a
145.87	200	accepted	false	b
350.23	200	accepted	false	b
134.99	200	accepted	false	a
148.67	200	accepted	false	b
119.29	200	accepted	false	b
122.57	200	accepted	false	b
2638.04	200	accepted	false	b
214.52	200	accepted	false	a
169.62	200	accepted	false	a
146.69	200	accepted	false	b
119.88	200	accepted	false	a
139.07	200	accepted	false	b
4116.64	200	accepted	false	a
155.65	200	accepted	false	a
96.92	200	accepted	false	b
942.59	200	accepted	false	a
487.90	200	accepted	false	a
90.28	200	accepted	false	a
181.19	200	accepted	false	a
166.82	200	accepted	false	a
74.68	200	duplicate	true	a
145.60	200	accepted	false	b
6330.22	503	error	false	a
119.78	200	accepted	false	b
192.62	200	accepted	false	b
156.88	200	accepted	false	a
121.04	200	accepted	false	b
157.42	200	accepted	false	a
99.05	200	accepted	false	b
85.87	200	accepted	false	a
188.77	200	accepted	false	a
6342.38	503	error	false	b
165.19	200	accepted	false	a
100.69	200	accepted	false	a
143.36	200	accepted	false	b
51.66	200	accepted	false	a
624.05	200	accepted	false	a
94.08	200	accepted	false	b
52.27	200	accepted	false	a
122.18	200	accepted	false	b
70.45	200	duplicate	true	a
5655.03	200	accepted	false	a
34.04	200	accepted	false	b
125.02	200	accepted	false	b
104.49	200	accepted	false	b
402.45	200	accepted	false	b
29.32	200	accepted	false	b
142.76	200	accepted	false	a
126.94	200	accepted	false	a
43.65	200	accepted	false	a
80.69	200	accepted	false	b
118.90	200	accepted	false	a
43.23	200	accepted	false	b
92.20	200	accepted	false	a
309.90	200	accepted	false	b
93.41	200	accepted	false	a
77.72	200	accepted	false	b
6293.92	503	error	false	a
3437.13	200	accepted	false	a
73.57	200	duplicate	true	a
63.08	200	accepted	false	b
212.73	200	accepted	false	b
305.38	200	accepted	false	a
76.68	200	accepted	false	a
2850.34	200	accepted	false	b
74.34	200	accepted	false	a
117.70	200	accepted	false	b
84.98	200	accepted	false	a
440.93	200	accepted	false	b
2375.07	200	accepted	false	b
168.05	200	accepted	false	b
71.47	200	accepted	false	a
77.36	200	accepted	false	b
136.89	200	accepted	false	b
96.21	200	accepted	false	b
156.92	200	accepted	false	a
98.25	200	accepted	false	b
1841.94	200	accepted	false	a
133.47	200	accepted	false	a
55.63	200	duplicate	true	a
121.62	200	accepted	false	a
3436.43	200	accepted	false	b
85.66	200	accepted	false	b
46.61	200	accepted	false	a
44.60	200	accepted	false	b
42.59	200	accepted	false	a
148.52	200	accepted	false	a
43.85	200	accepted	false	a
51.60	200	accepted	false	b
190.36	200	accepted	false	b
46.06	200	accepted	false	b
164.76	200	accepted	false	b
93.45	200	accepted	false	a
221.72	200	accepted	false	a
126.02	200	accepted	false	b
227.71	200	accepted	false	b
5433.08	200	accepted	false	b
222.34	200	accepted	false	a
174.61	200	accepted	false	a
169.18	200	duplicate	true	a
186.92	200	accepted	false	b
247.71	200	accepted	false	b
121.93	200	accepted	false	b
142.36	200	accepted	false	a
155.34	200	accepted	false	a
234.54	200	accepted	false	b
129.61	200	accepted	false	a
85.36	200	accepted	false	a
169.28	200	accepted	false	b
122.97	200	accepted	false	b
170.41	200	accepted	false	b
103.31	200	accepted	false	b
75.23	200	accepted	false	a
88.51	200	accepted	false	b
64.97	200	accepted	false	b
6297.51	503	error	false	a
101.58	200	accepted	false	a
207.55	200	accepted	false	a
83.29	200	accepted	false	b
97.57	200	duplicate	true	a
301.02	200	accepted	false	a
183.08	200	accepted	false	b
98.80	200	accepted	false	b
231.20	200	accepted	false	a
93.36	200	accepted	false	b
94.05	200	accepted	false	a
125.20	200	accepted	false	b
113.81	200	accepted	false	a
277.46	200	accepted	false	b
6206.64	503	error	false	b
140.40	200	accepted	false	b
249.21	200	accepted	false	a
105.09	200	accepted	false	a
163.99	200	accepted	false	a
74.06	200	accepted	false	b
110.72	200	accepted	false	a
6168.73	503	error	false	a
145.97	200	accepted	false	b
117.32	200	accepted	false	a
29.09	200	duplicate	true	a
3534.81	200	accepted	false	a
107.24	200	accepted	false	a
107.24	200	accepted	false	b
74.97	200	accepted	false	b
72.60	200	accepted	false	b
3132.76	200	accepted	false	b
80.78	200	accepted	false	a
83.92	200	accepted	false	b
43.29	200	accepted	false	b
83.14	200	accepted	false	a
155.61	200	accepted	false	a
4375.32	200	accepted	false	a
91.49	200	accepted	false	b
81.17	200	accepted	false	b
112.06	200	accepted	false	a
2706.82	200	accepted	false	b
80.50	200	accepted	false	b
3358.86	200	accepted	false	a
108.35	200	accepted	false	a
308.06	200	accepted	false	b
67.88	200	duplicate	true	a
93.62	200	accepted	false	b
148.09	200	accepted	false	b
5748.66	200	accepted	false	a
152.36	200	accepted	false	a
80.80	200	accepted	false	b
103.89	200	accepted	false	a
60.52	200	accepted	false	b
6196.54	200	accepted	false	b
79.25	200	accepted	false	a
5378.64	200	accepted	false	a
160.77	200	accepted	false	a
92.15	200	accepted	false	b
46.92	200	accepted	false	a
140.11	200	accepted	false	a
63.00	200	accepted	false	b
121.94	200	accepted	false	b
65.02	200	accepted	false	a
64.46	200	accepted	false	b
65.31	200	accepted	false	a
526.43	200	accepted	false	a
2472.40	200	accepted	false	a
35.68	200	duplicate	true	a
111.73	200	accepted	false	b
81.63	200	accepted	false	b
22.71	200	accepted	false	b
140.98	200	accepted	false	a
77.85	200	accepted	false	a
110.17	200	accepted	false	b
85.29	200	accepted	false	a
44.28	200	accepted	false	b
80.63	200	accepted	false	a
64.00	200	accepted	false	a
1916.28	200	accepted	false	a
4304.64	200	accepted	false	a
96.44	200	accepted	false	b
59.90	200	accepted	false	a
90.35	200	accepted	false	b
126.24	200	accepted	false	a
65.52	200	accepted	false	a
45.83	200	accepted	false	b
46.03	200	accepted	false	a
131.69	200	accepted	false	b
121.95	200	accepted	false	a
53.01	200	duplicate	true	a
92.30	200	accepted	false	b
5167.37	200	accepted	false	b
48.27	200	accepted	false	a
92.31	200	accepted	false	b
141.85	200	accepted	false	a
70.33	200	accepted	false	a
90.56	200	accepted	false	b
88.17	200	accepted	false	b
269.38	200	accepted	false	b
6151.10	503	error	false	b
82.25	200	accepted	false	a
1712.61	200	accepted	false	b
78.40	200	accepted	false	b
141.34	200	accepted	false	b
91.27	200	accepted	false	a
79.56	200	accepted	false	a
61.45	200	accepted	false	b
6087.17	503	error	false	a
64.92	200	accepted	false	a
22.26	200	duplicate	true	a
4936.45	200	accepted	false	b
3187.55	200	accepted	false	b
1130.72	200	accepted	false	b
49.38	200	accepted	false	a
88.40	200	accepted	false	b
6150.97	503	error	false	a
67.76	200	accepted	false	b
5284.69	200	accepted	false	a
715.01	200	accepted	false	b
107.15	200	accepted	false	a
898.20	200	accepted	false	b
110.09	200	accepted	false	a
145.32	200	accepted	false	b
3992.56	200	accepted	false	a
74.43	200	accepted	false	a
86.86	200	accepted	false	b
584.53	200	accepted	false	a
6136.57	503	error	false	b
105.92	200	accepted	false	b
4133.17	200	accepted	false	b
126.16	200	accepted	false	a
246.01	200	accepted	false	b
22.33	200	duplicate	true	a
76.39	200	accepted	false	b
6116.24	503	error	false	b
508.22	200	accepted	false	b
356.80	200	accepted	false	b
96.78	200	accepted	false	b
92.83	200	accepted	false	a
93.69	200	accepted	false	b
62.65	200	accepted	false	b
6116.47	200	accepted	false	b
80.62	200	accepted	false	a
2281.80	200	accepted	false	b
80.61	200	accepted	false	a
31.63	200	accepted	false	a
67.41	200	accepted	false	b
224.43	200	accepted	false	a
41.20	200	accepted	false	b
76.05	200	accepted	false	a
121.74	200	accepted	false	b
76.30	200	accepted	false	a
82.09	200	accepted	false	b
30.13	200	duplicate	true	a
256.16	200	accepted	false	a
101.26	200	accepted	false	b
40.73	200	accepted	false	a
106.12	200	accepted	false	a
152.08	200	accepted	false	b
44.30	200	accepted	false	a
128.04	200	accepted	false	b
28.99	200	accepted	false	b
141.98	200	accepted	false	b
181.79	200	accepted	false	a
67.93	200	accepted	false	b
151.11	200	accepted	false	a
84.61	200	accepted	false	b
137.05	200	accepted	false	a
109.00	200	accepted	false	a
33.72	200	duplicate	true	a
63.46	200	accepted	false	b
93.49	200	accepted	false	a
137.83	200	accepted	false	b
79.87	200	accepted	false	b
2871.97	200	accepted	false	a
90.76	200	accepted	false	a
79.33	200	accepted	false	b
310.74	200	accepted	false	a
93.53	200	accepted	false	a
6048.27	503	error	false	a
6096.66	503	error	false	a
49.54	200	accepted	false	b
24.56	200	accepted	false	b
25.29	200	accepted	false	a
5826.39	200	accepted	false	b
48.58	200	accepted	false	b
126.20	200	accepted	false	a
172.22	200	accepted	false	a
45.36	200	accepted	false	b
79.72	200	accepted	false	a
44.50	200	accepted	false	b
1226.32	200	accepted	false	a
93.95	200	accepted	false	a
292.96	200	accepted	false	b
50.78	200	accepted	false	a
14.93	200	duplicate	true	a
6086.77	503	error	false	b
96.54	200	accepted	false	b
3058.49	200	accepted	false	a
25.34	200	accepted	false	b
106.48	200	accepted	false	b
156.94	200	accepted	false	b
60.85	200	accepted	false	b
136.97	200	accepted	false	a
109.15	200	accepted	false	a
278.10	200	accepted	false	a
2123.70	200	accepted	false	b
109.80	200	accepted	false	a
5981.28	503	error	false	b
119.54	200	accepted	false	b
4879.61	200	accepted	false	a
78.52	200	accepted	false	b
54.92	200	accepted	false	b
162.76	200	accepted	false	b
127.42	200	accepted	false	a
98.83	200	accepted	false	a
26.50	200	accepted	false	b
3026.90	200	accepted	false	a
24.51	200	duplicate	true	a
140.69	200	accepted	false	b
138.55	200	accepted	false	a
130.97	200	accepted	false	b
124.14	200	accepted	false	a
61.88	200	accepted	false	a
92.68	200	accepted	false	b
1595.37	200	accepted	false	b
1907.94	200	accepted	false	a
94.01	200	accepted	false	b
69.10	200	accepted	false	a
120.04	200	accepted	false	a
419.49	200	accepted	false	a
64.07	200	accepted	false	b
110.68	200	accepted	false	b
108.54	200	accepted	false	a
47.23	200	accepted	false	a
77.70	200	accepted	false	b
59.58	200	accepted	false	b
574.49	200	accepted	false	a
5505.59	200	accepted	false	a
62.57	200	accepted	false	b
97.16	200	accepted	false	a
90.57	200	accepted	false	a
76.79	200	accepted	false	b
34.46	200	duplicate	true	a
63.02	200	accepted	false	b
30.10	200	accepted	false	b
108.06	200	accepted	false	a
390.15	200	accepted	false	b
62.88	200	accepted	false	a
62.61	200	accepted	false	b
6001.53	503	error	false	a
73.10	200	accepted	false	a
2223.16	200	accepted	false	a
63.48	200	accepted	false	b
23.57	200	accepted	false	a
127.71	200	accepted	false	a
154.56	200	accepted	false	b
134.78	200	accepted	false	a
111.83	200	accepted	false	b
93.55	200	accepted	false	a
52.89	200	accepted	false	b
94.76	200	accepted	false	a
5800.68	200	accepted	false	b
6004.06	503	error	false	b
144.50	200	accepted	false	b
100.56	200	accepted	false	a
59.41	200	accepted	false	b
49.80	200	duplicate	true	a
133.26	200	accepted	false	b
42.71	200	accepted	false	b
83.66	200	accepted	false	a
47.66	200	accepted	false	b
85.82	200	accepted	false	a
87.92	200	accepted	false	a
65.39	200	accepted	false	a
95.49	200	accepted	false	b
27.77	200	accepted	false	a
81.23	200	accepted	false	a
110.79	200	accepted	false	b
27.45	200	accepted	false	b
60.01	200	accepted	false	a
91.26	200	accepted	false	b
49.67	200	accepted	false	a
433.26	200	accepted	false	a
6003.25	503	error	false	b
52.53	200	accepted	false	a
81.14	200	accepted	false	b
21.91	200	duplicate	true	a
2256.78	200	accepted	false	b
45.42	200	accepted	false	a
138.69	200	accepted	false	b
319.08	200	accepted	false	b
134.87	200	accepted	false	b
51.65	200	accepted	false	b
97.64	200	accepted	false	a
165.46	200	accepted	false	b
85.07	200	accepted	false	b
214.95	200	accepted	false	a
100.83	200	accepted	false	b
151.16	200	accepted	false	a
126.88	200	accepted	false	b
100.04	200	accepted	false	b
17.46	200	duplicate	true	a
5577.33	200	accepted	false	a
128.47	200	accepted	false	a
185.64	200	accepted	false	a
48.12	200	accepted	false	a
125.51	200	accepted	false	b
62.06	200	accepted	false	b
50.13	200	accepted	false	a
41.42	200	accepted	false	a
77.86	200	accepted	false	b
60.24	200	accepted	false	b
50.39	200	accepted	false	a
48.51	200	accepted	false	b
487.38	200	accepted	false	a
63.88	200	accepted	false	a
41.14	200	accepted	false	b
94.95	200	accepted	false	b
40.84	200	accepted	false	a
142.11	200	accepted	false	a
116.75	200	accepted	false	b
139.63	200	accepted	false	a
37.49	200	duplicate	true	a
67.07	200	accepted	false	b
112.21	200	accepted	false	a
140.81	200	accepted	false	b
88.33	200	accepted	false	b
92.18	200	accepted	false	a
106.24	200	accepted	false	b
79.81	200	accepted	false	b
47.12	200	accepted	false	a
83.36	200	accepted	false	b
42.81	200	accepted	false	b
155.86	200	accepted	false	a
92.94	200	accepted	false	a
47.43	200	accepted	false	b
139.93	200	accepted	false	b
65.14	200	accepted	false	a
41.74	200	accepted	false	b
80.04	200	accepted	false	a
124.59	200	accepted	false	b
75.98	200	accepted	false	a
62.64	200	accepted	false	b
63.52	200	accepted	true	a
64.00	200	accepted	false	b
50.97	200	accepted	false	a
2318.46	200	accepted	false	a
64.80	200	accepted	false	b
42.22	200	accepted	false	a
119.50	200	accepted	false	a
87.59	200	accepted	false	b
165.80	200	accepted	false	b
94.62	200	accepted	false	b
5859.32	503	error	false	b
141.85	200	accepted	false	a
24.45	200	accepted	false	b
124.33	200	accepted	false	b
76.62	200	accepted	false	a
144.05	200	accepted	false	a
45.13	200	accepted	false	a
44.79	200	accepted	false	b
124.01	200	accepted	false	a
39.14	200	duplicate	true	a
111.05	200	accepted	false	b
284.52	200	accepted	false	a
79.72	200	accepted	false	b
76.04	200	accepted	false	a
73.83	200	accepted	false	b
62.85	200	accepted	false	a
4101.48	200	accepted	false	b
89.95	200	accepted	false	b
107.38	200	accepted	false	a
83.06	200	accepted	false	a
85.16	200	accepted	false	b
91.14	200	accepted	false	a
48.27	200	accepted	false	b
173.40	200	accepted	false	b
113.23	200	accepted	false	b
65.27	200	accepted	false	a
63.57	200	accepted	false	b
64.50	200	accepted	false	a
2621.76	200	accepted	false	b
49.17	200	accepted	false	a
22.20	200	duplicate	true	a
99.44	200	accepted	false	b
79.35	200	accepted	false	b
67.99	200	accepted	false	b
78.58	200	accepted	false	a
678.91	200	accepted	false	b
49.00	200	accepted	false	b
43.29	200	accepted	false	a
4655.19	200	accepted	false	a
95.28	200	accepted	false	b
203.95	200	accepted	false	b
95.06	200	accepted	false	b
21.45	200	accepted	false	a
5184.19	200	accepted	false	b
122.90	200	accepted	false	b
59.51	200	accepted	false	b
141.76	200	accepted	false	a
5795.34	503	error	false	a
79.26	200	accepted	false	a
13.25	200	duplicate	true	a
2085.14	200	accepted	false	a
86.49	200	accepted	false	b
63.50	200	accepted	false	b
138.86	200	accepted	false	a
5801.11	503	error	false	b
75.07	200	accepted	false	a
60.94	200	accepted	false	b
2307.79	200	accepted	false	a
481.60	200	accepted	false	a
94.59	200	accepted	false	a
474.06	200	accepted	false	a
80.29	200	accepted	false	a
66.81	200	accepted	false	a
73.71	200	accepted	false	b
60.84	200	accepted	false	a
61.59	200	accepted	false	b
1647.93	200	accepted	false	a
216.30	200	accepted	false	b
5755.40	503	error	false	a
184.81	200	accepted	false	b
92.14	200	accepted	false	a
2329.38	200	accepted	false	b
92.90	200	accepted	false	a
125.85	200	accepted	false	b
123.03	200	accepted	false	b
20.43	200	duplicate	true	a
94.33	200	accepted	false	b
78.27	200	accepted	false	b
47.28	200	accepted	false	b
53.23	200	accepted	false	a
44.98	200	accepted	false	b
43.62	200	accepted	false	a
5835.35	503	error	false	b
750.40	200	accepted	false	a
36.25	200	accepted	false	b
649.65	200	accepted	false	b
44.95	200	accepted	false	a
124.55	200	accepted	false	b
109.39	200	accepted	false	a
77.22	200	accepted	false	b
63.06	200	accepted	false	a
59.37	200	accepted	false	b
3480.69	200	accepted	false	b
58.51	200	accepted	false	b
866.10	200	accepted	false	b
48.39	200	accepted	false	b
5781.95	503	error	false	b
32.68	200	accepted	false	b
42.90	200	accepted	false	b
121.93	200	accepted	false	a
538.81	200	accepted	false	a
110.07	200	accepted	false	a
1445.05	200	accepted	false	a
219.57	200	accepted	false	a
296.22	200	accepted	false	a
3249.34	200	accepted	false	b
640.10	200	accepted	false	a
2568.07	200	accepted	false	a
3218.11	200	accepted	false	b
